text_id,annotator_id,is_funny
0,91,1
0,108,1
0,144,1
0,174,1
0,248,1
0,250,1
0,291,1
0,304,1
0,350,1
0,435,1
0,484,1
0,563,1
0,726,1
0,779,1
0,815,1
0,853,1
0,863,1
0,1041,1
0,1082,1
0,1136,1
0,1183,1
0,1316,1
0,1324,1
0,1356,1
0,1374,1
0,1380,1
0,1401,1
0,1498,1
0,1500,1
0,1,0
0,82,0
0,87,0
0,99,0
0,120,0
0,126,0
0,195,0
0,251,0
0,308,0
0,347,0
0,370,0
0,387,0
0,437,0
0,479,0
0,509,0
0,511,0
0,512,0
0,538,0
0,548,0
0,551,0
0,555,0
0,615,0
0,617,0
0,618,0
0,646,0
0,652,0
0,697,0
0,752,0
0,770,0
0,826,0
0,887,0
0,893,0
0,899,0
0,905,0
0,914,0
0,943,0
0,983,0
0,990,0
0,1013,0
0,1052,0
0,1060,0
0,1078,0
0,1084,0
0,1099,0
0,1114,0
0,1146,0
0,1156,0
0,1190,0
0,1204,0
0,1218,0
0,1229,0
0,1257,0
0,1259,0
0,1261,0
0,1263,0
0,1276,0
0,1287,0
0,1293,0
0,1321,0
0,1328,0
0,1334,0
0,1357,0
0,1364,0
0,1378,0
0,1381,0
0,1402,0
0,1408,0
0,1457,0
0,1462,0
0,1469,0
0,1474,0
0,1477,0
0,1491,0
0,1492,0
0,1496,0
0,1515,0
0,1603,0
0,1628,0
1,30,1
1,200,1
1,235,1
1,283,1
1,562,1
1,1127,1
1,92,0
1,96,0
1,129,0
1,164,0
1,219,0
1,242,0
1,277,0
1,282,0
1,286,0
1,290,0
1,322,0
1,426,0
1,438,0
1,492,0
1,604,0
1,626,0
1,627,0
1,779,0
1,818,0
1,830,0
1,841,0
1,863,0
1,885,0
1,913,0
1,969,0
1,972,0
1,977,0
1,1042,0
1,1078,0
1,1140,0
1,1156,0
1,1167,0
1,1192,0
1,1217,0
1,1218,0
1,1224,0
1,1232,0
1,1253,0
1,1296,0
1,1325,0
1,1356,0
1,1396,0
1,1405,0
1,1504,0
1,1517,0
1,1560,0
1,1613,0
2,1188,1
2,1552,1
2,153,0
2,195,0
2,288,0
2,503,0
2,889,0
2,940,0
2,977,0
2,1068,0
2,1215,0
2,1364,0
2,1573,0
4,820,1
4,172,0
4,265,0
4,292,0
4,365,0
4,371,0
4,418,0
4,568,0
4,681,0
4,788,0
4,802,0
4,830,0
4,1125,0
4,1155,0
4,1192,0
4,1304,0
4,1326,0
4,1373,0
4,1470,0
4,1567,0
4,1609,0
4,1646,0
4,1647,0
5,125,1
5,992,1
5,1018,1
5,1655,1
5,39,0
5,87,0
5,123,0
5,155,0
5,272,0
5,292,0
5,418,0
5,579,0
5,613,0
5,679,0
5,767,0
5,779,0
5,848,0
5,893,0
5,998,0
5,1024,0
5,1179,0
5,1258,0
5,1274,0
5,1332,0
5,1424,0
5,1440,0
5,1461,0
5,1500,0
5,1506,0
5,1553,0
5,1646,0
6,42,1
6,83,1
6,97,1
6,186,1
6,212,1
6,351,1
6,368,1
6,394,1
6,422,1
6,532,1
6,597,1
6,617,1
6,688,1
6,720,1
6,743,1
6,758,1
6,795,1
6,800,1
6,823,1
6,827,1
6,872,1
6,898,1
6,917,1
6,928,1
6,1001,1
6,1051,1
6,1076,1
6,1157,1
6,1164,1
6,1229,1
6,1264,1
6,1266,1
6,1295,1
6,1319,1
6,1383,1
6,1405,1
6,1502,1
6,1506,1
6,1585,1
6,1600,1
6,1621,1
6,1644,1
6,17,0
6,25,0
6,26,0
6,56,0
6,59,0
6,61,0
6,81,0
6,112,0
6,160,0
6,182,0
6,188,0
6,197,0
6,217,0
6,225,0
6,230,0
6,246,0
6,247,0
6,259,0
6,263,0
6,271,0
6,286,0
6,355,0
6,402,0
6,447,0
6,536,0
6,588,0
6,607,0
6,644,0
6,651,0
6,683,0
6,690,0
6,710,0
6,728,0
6,757,0
6,785,0
6,786,0
6,833,0
6,900,0
6,918,0
6,950,0
6,963,0
6,980,0
6,996,0
6,999,0
6,1024,0
6,1029,0
6,1045,0
6,1046,0
6,1084,0
6,1088,0
6,1094,0
6,1105,0
6,1139,0
6,1153,0
6,1161,0
6,1163,0
6,1172,0
6,1178,0
6,1205,0
6,1243,0
6,1250,0
6,1277,0
6,1288,0
6,1292,0
6,1299,0
6,1308,0
6,1356,0
6,1400,0
6,1411,0
6,1434,0
6,1538,0
6,1559,0
6,1561,0
6,1564,0
6,1610,0
6,1622,0
6,1629,0
8,112,1
8,255,1
8,744,1
8,53,0
8,84,0
8,93,0
8,119,0
8,308,0
8,354,0
8,358,0
8,487,0
8,579,0
8,597,0
8,657,0
8,665,0
8,674,0
8,750,0
8,804,0
8,949,0
8,957,0
8,993,0
8,1009,0
8,1032,0
8,1221,0
8,1279,0
8,1309,0
8,1359,0
8,1608,0
8,1657,0
9,287,1
9,636,1
9,108,0
9,241,0
9,316,0
9,561,0
9,598,0
9,643,0
9,654,0
9,689,0
9,703,0
9,732,0
9,768,0
9,829,0
9,925,0
9,941,0
9,1074,0
9,1117,0
9,1207,0
9,1326,0
9,1420,0
9,1544,0
10,203,1
10,699,1
10,715,1
10,978,1
10,1155,1
10,1510,1
10,33,0
10,58,0
10,134,0
10,149,0
10,275,0
10,285,0
10,337,0
10,433,0
10,442,0
10,467,0
10,472,0
10,497,0
10,515,0
10,520,0
10,535,0
10,536,0
10,541,0
10,550,0
10,559,0
10,562,0
10,627,0
10,655,0
10,657,0
10,658,0
10,683,0
10,732,0
10,791,0
10,840,0
10,893,0
10,929,0
10,1008,0
10,1031,0
10,1057,0
10,1060,0
10,1065,0
10,1076,0
10,1107,0
10,1140,0
10,1268,0
10,1278,0
10,1334,0
10,1350,0
10,1356,0
10,1378,0
10,1391,0
10,1451,0
10,1458,0
10,1537,0
10,1589,0
10,1629,0
10,1646,0
10,1649,0
11,297,1
11,628,1
11,681,1
11,698,1
11,796,1
11,990,1
11,1438,1
11,1587,1
11,10,0
11,101,0
11,185,0
11,230,0
11,241,0
11,280,0
11,281,0
11,288,0
11,321,0
11,328,0
11,343,0
11,425,0
11,500,0
11,502,0
11,503,0
11,521,0
11,547,0
11,831,0
11,836,0
11,860,0
11,878,0
11,920,0
11,929,0
11,952,0
11,1080,0
11,1128,0
11,1186,0
11,1203,0
11,1234,0
11,1253,0
11,1262,0
11,1275,0
11,1280,0
11,1317,0
11,1322,0
11,1336,0
11,1435,0
11,1446,0
11,1465,0
11,1479,0
11,1489,0
11,1503,0
11,1570,0
11,1584,0
11,1599,0
11,1601,0
13,199,1
13,280,1
13,500,1
13,814,1
13,1299,1
13,1437,1
13,1525,1
13,19,0
13,56,0
13,80,0
13,99,0
13,105,0
13,161,0
13,205,0
13,262,0
13,296,0
13,297,0
13,309,0
13,314,0
13,457,0
13,524,0
13,558,0
13,562,0
13,578,0
13,611,0
13,614,0
13,663,0
13,711,0
13,762,0
13,815,0
13,820,0
13,837,0
13,853,0
13,860,0
13,861,0
13,912,0
13,952,0
13,990,0
13,1051,0
13,1146,0
13,1174,0
13,1201,0
13,1235,0
13,1334,0
13,1352,0
13,1401,0
13,1431,0
13,1473,0
13,1522,0
13,1527,0
13,1553,0
13,1589,0
13,1623,0
13,1650,0
14,81,1
14,88,1
14,90,1
14,515,1
14,751,1
14,861,1
14,892,1
14,1201,1
14,1336,1
14,1436,1
14,1606,1
14,7,0
14,19,0
14,62,0
14,66,0
14,67,0
14,70,0
14,77,0
14,85,0
14,173,0
14,199,0
14,276,0
14,304,0
14,313,0
14,314,0
14,365,0
14,379,0
14,382,0
14,390,0
14,406,0
14,429,0
14,543,0
14,593,0
14,680,0
14,707,0
14,711,0
14,746,0
14,774,0
14,781,0
14,796,0
14,820,0
14,825,0
14,850,0
14,898,0
14,903,0
14,909,0
14,982,0
14,1016,0
14,1050,0
14,1072,0
14,1075,0
14,1113,0
14,1180,0
14,1200,0
14,1213,0
14,1226,0
14,1228,0
14,1236,0
14,1237,0
14,1240,0
14,1276,0
14,1364,0
14,1415,0
14,1445,0
14,1459,0
14,1478,0
14,1481,0
14,1513,0
14,1527,0
14,1535,0
14,1593,0
14,1596,0
14,1639,0
15,447,1
15,745,1
15,955,1
15,216,0
15,1355,0
15,1358,0
15,1560,0
16,491,1
16,637,1
16,643,1
16,1124,1
16,1310,1
16,1576,1
16,181,0
16,286,0
16,397,0
16,455,0
16,469,0
16,497,0
16,525,0
16,746,0
16,767,0
16,843,0
16,850,0
16,882,0
16,948,0
16,981,0
16,1000,0
16,1039,0
16,1059,0
16,1487,0
16,1494,0
16,1545,0
16,1570,0
17,40,1
17,103,1
17,140,1
17,141,1
17,158,1
17,184,1
17,259,1
17,427,1
17,588,1
17,679,1
17,685,1
17,759,1
17,760,1
17,784,1
17,788,1
17,841,1
17,902,1
17,923,1
17,1011,1
17,1052,1
17,1071,1
17,1373,1
17,1418,1
17,1461,1
17,73,0
17,74,0
17,120,0
17,139,0
17,148,0
17,154,0
17,183,0
17,194,0
17,200,0
17,223,0
17,250,0
17,252,0
17,372,0
17,379,0
17,418,0
17,435,0
17,442,0
17,492,0
17,530,0
17,642,0
17,659,0
17,670,0
17,680,0
17,681,0
17,694,0
17,715,0
17,719,0
17,735,0
17,763,0
17,772,0
17,792,0
17,838,0
17,840,0
17,880,0
17,883,0
17,885,0
17,939,0
17,957,0
17,960,0
17,976,0
17,1081,0
17,1106,0
17,1112,0
17,1140,0
17,1207,0
17,1271,0
17,1354,0
17,1453,0
17,1485,0
17,1493,0
17,1503,0
17,1504,0
17,1538,0
17,1576,0
17,1578,0
17,1609,0
17,1613,0
17,1627,0
19,231,1
19,332,1
19,875,1
19,912,1
19,23,0
19,31,0
19,42,0
19,79,0
19,107,0
19,162,0
19,258,0
19,269,0
19,270,0
19,310,0
19,327,0
19,336,0
19,377,0
19,484,0
19,552,0
19,560,0
19,589,0
19,611,0
19,665,0
19,751,0
19,753,0
19,823,0
19,847,0
19,890,0
19,903,0
19,956,0
19,981,0
19,1020,0
19,1030,0
19,1130,0
19,1135,0
19,1302,0
19,1333,0
19,1349,0
19,1411,0
19,1525,0
19,1568,0
19,1610,0
19,1614,0
19,1640,0
20,114,1
20,232,1
20,252,1
20,265,1
20,322,1
20,352,1
20,463,1
20,494,1
20,517,1
20,708,1
20,753,1
20,783,1
20,791,1
20,989,1
20,1057,1
20,1122,1
20,1246,1
20,1265,1
20,1288,1
20,1289,1
20,1313,1
20,1328,1
20,1635,1
20,26,0
20,36,0
20,40,0
20,57,0
20,79,0
20,91,0
20,94,0
20,102,0
20,107,0
20,121,0
20,166,0
20,175,0
20,176,0
20,180,0
20,183,0
20,187,0
20,217,0
20,226,0
20,228,0
20,235,0
20,237,0
20,261,0
20,274,0
20,291,0
20,294,0
20,315,0
20,332,0
20,334,0
20,339,0
20,340,0
20,354,0
20,358,0
20,359,0
20,371,0
20,383,0
20,415,0
20,423,0
20,430,0
20,435,0
20,442,0
20,460,0
20,478,0
20,489,0
20,520,0
20,522,0
20,549,0
20,562,0
20,625,0
20,637,0
20,645,0
20,647,0
20,666,0
20,700,0
20,705,0
20,712,0
20,722,0
20,726,0
20,735,0
20,738,0
20,748,0
20,777,0
20,780,0
20,798,0
20,821,0
20,827,0
20,861,0
20,865,0
20,906,0
20,918,0
20,934,0
20,936,0
20,944,0
20,1004,0
20,1007,0
20,1011,0
20,1014,0
20,1041,0
20,1044,0
20,1071,0
20,1083,0
20,1135,0
20,1138,0
20,1143,0
20,1144,0
20,1148,0
20,1170,0
20,1203,0
20,1237,0
20,1254,0
20,1256,0
20,1284,0
20,1286,0
20,1287,0
20,1325,0
20,1437,0
20,1472,0
20,1481,0
20,1486,0
20,1495,0
20,1517,0
20,1525,0
20,1548,0
20,1553,0
20,1571,0
20,1573,0
20,1586,0
20,1590,0
20,1617,0
20,1619,0
20,1626,0
20,1639,0
20,1653,0
21,96,1
21,412,1
21,418,1
21,816,1
21,12,0
21,199,0
21,274,0
21,279,0
21,324,0
21,396,0
21,491,0
21,570,0
21,679,0
21,691,0
21,706,0
21,754,0
21,766,0
21,855,0
21,875,0
21,933,0
21,935,0
21,984,0
21,1020,0
21,1039,0
21,1161,0
21,1280,0
21,1310,0
21,1595,0
21,1609,0
21,1652,0
22,133,1
22,543,1
22,554,1
22,673,1
22,60,0
22,64,0
22,98,0
22,137,0
22,176,0
22,240,0
22,355,0
22,561,0
22,689,0
22,693,0
22,867,0
22,928,0
22,1095,0
22,1215,0
22,1219,0
22,1313,0
22,1316,0
22,1353,0
22,1496,0
22,1612,0
22,1613,0
22,1647,0
23,47,1
23,63,1
23,146,1
23,482,1
23,645,1
23,1536,1
23,1651,1
23,95,0
23,101,0
23,179,0
23,323,0
23,331,0
23,332,0
23,610,0
23,636,0
23,843,0
23,901,0
23,1097,0
23,1250,0
23,1306,0
23,1329,0
23,1488,0
23,1501,0
23,1505,0
24,101,1
24,441,1
24,826,1
24,846,1
24,1216,1
24,1355,1
24,1512,1
24,15,0
24,18,0
24,20,0
24,35,0
24,53,0
24,121,0
24,218,0
24,255,0
24,357,0
24,370,0
24,395,0
24,456,0
24,461,0
24,597,0
24,605,0
24,635,0
24,733,0
24,739,0
24,1036,0
24,1051,0
24,1139,0
24,1227,0
24,1266,0
24,1314,0
24,1342,0
24,1430,0
24,1456,0
24,1475,0
24,1507,0
24,1550,0
24,1584,0
24,1608,0
24,1632,0
27,956,1
27,1560,1
27,85,0
27,143,0
27,238,0
27,381,0
27,717,0
27,763,0
27,802,0
27,825,0
27,1092,0
27,1101,0
27,1200,0
27,1217,0
27,1301,0
27,1353,0
27,1371,0
27,1600,0
28,755,1
28,1173,1
28,1637,1
28,38,0
28,172,0
28,214,0
28,271,0
28,540,0
28,667,0
28,701,0
28,773,0
28,883,0
28,1079,0
28,1095,0
28,1170,0
28,1185,0
28,1194,0
28,1211,0
28,1236,0
28,1267,0
28,1463,0
28,1616,0
29,105,1
29,115,1
29,327,1
29,1386,1
29,14,0
29,83,0
29,204,0
29,224,0
29,303,0
29,464,0
29,476,0
29,538,0
29,692,0
29,707,0
29,767,0
29,779,0
29,1214,0
29,1221,0
29,1223,0
29,1333,0
29,1552,0
30,1494,1
30,34,0
30,115,0
30,279,0
30,1103,0
30,1366,0
30,1573,0
30,1647,0
31,475,1
31,970,1
31,47,0
31,80,0
31,108,0
31,116,0
31,150,0
31,381,0
31,521,0
31,539,0
31,581,0
31,584,0
31,667,0
31,744,0
31,832,0
31,837,0
31,843,0
31,917,0
31,930,0
31,1039,0
31,1093,0
31,1121,0
31,1142,0
31,1159,0
31,1235,0
31,1273,0
31,1312,0
31,1386,0
31,1480,0
31,1483,0
31,1495,0
31,1514,0
32,2,1
32,226,1
32,306,1
32,420,1
32,104,0
32,156,0
32,222,0
32,231,0
32,238,0
32,372,0
32,480,0
32,482,0
32,546,0
32,703,0
32,793,0
32,901,0
32,985,0
32,1001,0
32,1046,0
32,1149,0
32,1152,0
32,1170,0
32,1300,0
32,1341,0
32,1365,0
32,1392,0
32,1498,0
32,1588,0
32,1592,0
33,264,1
33,937,1
33,941,1
33,107,0
33,186,0
33,260,0
33,368,0
33,410,0
33,459,0
33,612,0
33,709,0
33,712,0
33,839,0
33,1086,0
33,1111,0
33,1157,0
33,1166,0
33,1227,0
33,1242,0
33,1259,0
33,1261,0
33,1422,0
33,1464,0
33,1467,0
33,1557,0
33,1619,0
33,1654,0
34,9,1
34,619,1
34,908,1
34,1107,1
34,1327,1
34,1393,1
34,1487,1
34,1557,1
34,1613,1
34,16,0
34,73,0
34,106,0
34,110,0
34,182,0
34,257,0
34,261,0
34,272,0
34,291,0
34,312,0
34,327,0
34,335,0
34,360,0
34,389,0
34,414,0
34,421,0
34,429,0
34,462,0
34,465,0
34,470,0
34,483,0
34,532,0
34,541,0
34,564,0
34,565,0
34,578,0
34,606,0
34,684,0
34,705,0
34,713,0
34,723,0
34,749,0
34,765,0
34,785,0
34,792,0
34,806,0
34,813,0
34,898,0
34,913,0
34,919,0
34,1064,0
34,1076,0
34,1078,0
34,1094,0
34,1127,0
34,1182,0
34,1196,0
34,1223,0
34,1245,0
34,1255,0
34,1298,0
34,1340,0
34,1341,0
34,1352,0
34,1381,0
34,1423,0
34,1427,0
34,1436,0
34,1449,0
34,1458,0
34,1479,0
34,1546,0
34,1563,0
34,1572,0
34,1623,0
34,1649,0
35,39,1
35,58,1
35,126,1
35,227,1
35,277,1
35,391,1
35,583,1
35,611,1
35,650,1
35,672,1
35,695,1
35,711,1
35,762,1
35,831,1
35,954,1
35,1104,1
35,1162,1
35,1187,1
35,1280,1
35,1426,1
35,1535,1
35,1596,1
35,1650,1
35,2,0
35,13,0
35,24,0
35,42,0
35,69,0
35,99,0
35,116,0
35,132,0
35,149,0
35,156,0
35,172,0
35,179,0
35,181,0
35,203,0
35,208,0
35,209,0
35,240,0
35,243,0
35,244,0
35,280,0
35,284,0
35,299,0
35,312,0
35,398,0
35,409,0
35,414,0
35,422,0
35,446,0
35,501,0
35,534,0
35,544,0
35,547,0
35,564,0
35,570,0
35,622,0
35,628,0
35,654,0
35,656,0
35,675,0
35,684,0
35,699,0
35,723,0
35,726,0
35,739,0
35,756,0
35,766,0
35,797,0
35,874,0
35,884,0
35,898,0
35,927,0
35,932,0
35,946,0
35,956,0
35,997,0
35,1023,0
35,1026,0
35,1055,0
35,1058,0
35,1065,0
35,1082,0
35,1092,0
35,1103,0
35,1113,0
35,1124,0
35,1127,0
35,1165,0
35,1167,0
35,1177,0
35,1202,0
35,1209,0
35,1219,0
35,1220,0
35,1239,0
35,1245,0
35,1262,0
35,1304,0
35,1375,0
35,1379,0
35,1382,0
35,1413,0
35,1425,0
35,1439,0
35,1443,0
35,1451,0
35,1498,0
35,1537,0
35,1539,0
35,1555,0
35,1571,0
35,1579,0
35,1580,0
35,1582,0
35,1591,0
35,1637,0
35,1644,0
35,1645,0
35,1658,0
36,172,1
36,179,1
36,957,1
36,1145,1
36,1471,1
36,1491,1
36,1533,1
36,1,0
36,46,0
36,137,0
36,174,0
36,302,0
36,411,0
36,437,0
36,445,0
36,496,0
36,559,0
36,560,0
36,569,0
36,595,0
36,612,0
36,646,0
36,651,0
36,690,0
36,702,0
36,718,0
36,721,0
36,730,0
36,856,0
36,937,0
36,964,0
36,1008,0
36,1079,0
36,1102,0
36,1114,0
36,1130,0
36,1147,0
36,1178,0
36,1264,0
36,1319,0
36,1320,0
36,1348,0
36,1378,0
36,1432,0
36,1509,0
36,1518,0
36,1540,0
36,1570,0
36,1652,0
37,132,1
37,272,1
37,598,1
37,623,1
37,627,1
37,778,1
37,948,1
37,1084,1
37,1504,1
37,54,0
37,74,0
37,125,0
37,217,0
37,227,0
37,240,0
37,253,0
37,254,0
37,301,0
37,307,0
37,333,0
37,338,0
37,371,0
37,389,0
37,421,0
37,490,0
37,505,0
37,520,0
37,648,0
37,675,0
37,686,0
37,699,0
37,745,0
37,758,0
37,762,0
37,834,0
37,838,0
37,870,0
37,895,0
37,958,0
37,960,0
37,968,0
37,980,0
37,1050,0
37,1085,0
37,1107,0
37,1117,0
37,1158,0
37,1196,0
37,1222,0
37,1255,0
37,1258,0
37,1304,0
37,1319,0
37,1368,0
37,1458,0
37,1497,0
37,1564,0
38,644,1
38,741,1
38,964,1
38,971,1
38,1056,1
38,1067,1
38,1281,1
38,1523,1
38,1553,1
38,11,0
38,32,0
38,59,0
38,112,0
38,151,0
38,284,0
38,294,0
38,350,0
38,428,0
38,472,0
38,479,0
38,559,0
38,574,0
38,637,0
38,710,0
38,743,0
38,768,0
38,791,0
38,899,0
38,978,0
38,986,0
38,1015,0
38,1112,0
38,1211,0
38,1231,0
38,1254,0
38,1308,0
38,1328,0
38,1410,0
38,1418,0
38,1425,0
38,1433,0
38,1454,0
38,1500,0
38,1526,0
38,1529,0
38,1599,0
39,603,1
39,873,1
39,966,1
39,75,0
39,439,0
39,521,0
39,825,0
39,847,0
39,892,0
39,981,0
39,1134,0
39,1483,0
39,1510,0
39,1530,0
39,1552,0
39,1633,0
40,1352,1
40,1478,1
40,0,0
40,77,0
40,167,0
40,194,0
40,258,0
40,325,0
40,365,0
40,415,0
40,486,0
40,600,0
40,671,0
40,877,0
40,922,0
40,930,0
40,931,0
40,978,0
40,1052,0
40,1060,0
40,1104,0
40,1144,0
40,1147,0
40,1371,0
40,1392,0
40,1398,0
41,624,1
41,1633,1
41,5,0
41,343,0
41,761,0
41,809,0
41,1109,0
41,1373,0
41,1468,0
41,1501,0
43,102,1
43,206,1
43,294,1
43,492,1
43,851,1
43,866,1
43,936,1
43,1038,1
43,1087,1
43,1140,1
43,1180,1
43,1191,1
43,1211,1
43,1441,1
43,34,0
43,57,0
43,142,0
43,151,0
43,158,0
43,175,0
43,176,0
43,200,0
43,202,0
43,252,0
43,253,0
43,258,0
43,312,0
43,329,0
43,334,0
43,340,0
43,383,0
43,409,0
43,425,0
43,431,0
43,466,0
43,470,0
43,494,0
43,504,0
43,509,0
43,526,0
43,529,0
43,540,0
43,552,0
43,559,0
43,571,0
43,601,0
43,605,0
43,618,0
43,660,0
43,661,0
43,664,0
43,711,0
43,712,0
43,717,0
43,770,0
43,805,0
43,865,0
43,882,0
43,891,0
43,975,0
43,1012,0
43,1032,0
43,1057,0
43,1060,0
43,1093,0
43,1097,0
43,1110,0
43,1122,0
43,1143,0
43,1153,0
43,1169,0
43,1176,0
43,1194,0
43,1214,0
43,1246,0
43,1251,0
43,1274,0
43,1281,0
43,1346,0
43,1386,0
43,1408,0
43,1410,0
43,1453,0
43,1465,0
43,1484,0
43,1505,0
43,1568,0
43,1571,0
43,1599,0
43,1620,0
43,1635,0
44,314,1
44,318,1
44,438,1
44,27,0
44,44,0
44,96,0
44,110,0
44,126,0
44,134,0
44,196,0
44,207,0
44,230,0
44,292,0
44,307,0
44,387,0
44,390,0
44,412,0
44,421,0
44,422,0
44,510,0
44,603,0
44,630,0
44,687,0
44,705,0
44,761,0
44,787,0
44,795,0
44,812,0
44,895,0
44,921,0
44,1058,0
44,1089,0
44,1134,0
44,1148,0
44,1164,0
44,1202,0
44,1222,0
44,1225,0
44,1226,0
44,1230,0
44,1330,0
44,1449,0
44,1464,0
44,1485,0
44,1508,0
44,1547,0
44,1561,0
44,1601,0
44,1604,0
44,1610,0
45,11,1
45,82,1
45,225,1
45,545,1
45,621,1
45,690,1
45,712,1
45,750,1
45,756,1
45,776,1
45,933,1
45,1279,1
45,1330,1
45,1422,1
45,1559,1
45,17,0
45,54,0
45,112,0
45,191,0
45,264,0
45,336,0
45,339,0
45,452,0
45,469,0
45,532,0
45,549,0
45,569,0
45,580,0
45,647,0
45,653,0
45,656,0
45,694,0
45,710,0
45,735,0
45,836,0
45,839,0
45,883,0
45,964,0
45,975,0
45,989,0
45,992,0
45,1013,0
45,1019,0
45,1024,0
45,1056,0
45,1088,0
45,1093,0
45,1099,0
45,1110,0
45,1145,0
45,1150,0
45,1156,0
45,1197,0
45,1206,0
45,1219,0
45,1231,0
45,1285,0
45,1286,0
45,1387,0
45,1421,0
45,1440,0
45,1487,0
45,1500,0
45,1511,0
45,1521,0
45,1590,0
45,1603,0
46,151,1
46,311,1
46,397,1
46,525,1
46,605,1
46,640,1
46,1020,1
46,1048,1
46,1103,1
46,1428,1
46,1434,1
46,1550,1
46,1620,1
46,1627,1
46,28,0
46,45,0
46,68,0
46,89,0
46,92,0
46,104,0
46,120,0
46,159,0
46,174,0
46,219,0
46,243,0
46,257,0
46,285,0
46,299,0
46,369,0
46,382,0
46,398,0
46,438,0
46,508,0
46,516,0
46,555,0
46,583,0
46,624,0
46,642,0
46,659,0
46,696,0
46,729,0
46,749,0
46,771,0
46,778,0
46,784,0
46,792,0
46,813,0
46,844,0
46,860,0
46,876,0
46,918,0
46,921,0
46,985,0
46,1038,0
46,1059,0
46,1061,0
46,1064,0
46,1076,0
46,1123,0
46,1162,0
46,1189,0
46,1301,0
46,1319,0
46,1323,0
46,1379,0
46,1389,0
46,1393,0
46,1417,0
46,1421,0
46,1438,0
46,1450,0
46,1487,0
46,1538,0
46,1546,0
46,1598,0
46,1651,0
47,317,1
47,326,1
47,434,1
47,629,1
47,660,1
47,860,1
47,1142,1
47,1465,1
47,1532,1
47,8,0
47,14,0
47,47,0
47,51,0
47,95,0
47,120,0
47,162,0
47,215,0
47,234,0
47,262,0
47,275,0
47,296,0
47,322,0
47,324,0
47,340,0
47,401,0
47,464,0
47,478,0
47,483,0
47,488,0
47,502,0
47,517,0
47,518,0
47,543,0
47,544,0
47,567,0
47,572,0
47,584,0
47,698,0
47,700,0
47,722,0
47,759,0
47,789,0
47,832,0
47,838,0
47,875,0
47,906,0
47,910,0
47,916,0
47,931,0
47,942,0
47,965,0
47,1154,0
47,1159,0
47,1184,0
47,1191,0
47,1268,0
47,1294,0
47,1312,0
47,1321,0
47,1453,0
47,1463,0
47,1481,0
47,1482,0
47,1486,0
47,1514,0
47,1528,0
47,1606,0
47,1653,0
47,1654,0
47,1656,0
48,28,1
48,228,1
48,284,1
48,497,1
48,694,1
48,1417,1
48,71,0
48,249,0
48,344,0
48,383,0
48,407,0
48,494,0
48,596,0
48,759,0
48,782,0
48,860,0
48,953,0
48,955,0
48,994,0
48,1074,0
48,1083,0
48,1090,0
48,1104,0
48,1199,0
48,1470,0
48,1655,0
49,638,1
49,828,1
49,93,0
49,137,0
49,184,0
49,227,0
49,272,0
49,300,0
49,317,0
49,347,0
49,417,0
49,436,0
49,476,0
49,535,0
49,556,0
49,569,0
49,674,0
49,690,0
49,697,0
49,718,0
49,741,0
49,821,0
49,836,0
49,866,0
49,938,0
49,962,0
49,978,0
49,1000,0
49,1022,0
49,1062,0
49,1114,0
49,1163,0
49,1244,0
49,1247,0
49,1332,0
49,1342,0
49,1405,0
49,1446,0
49,1509,0
49,1580,0
50,106,1
50,243,1
50,461,1
50,658,1
50,931,1
50,1258,1
50,1366,1
50,1582,1
50,1591,1
50,43,0
50,74,0
50,87,0
50,88,0
50,96,0
50,104,0
50,125,0
50,128,0
50,220,0
50,401,0
50,458,0
50,497,0
50,571,0
50,603,0
50,671,0
50,728,0
50,816,0
50,835,0
50,846,0
50,858,0
50,891,0
50,916,0
50,992,0
50,1067,0
50,1091,0
50,1094,0
50,1159,0
50,1204,0
50,1267,0
50,1272,0
50,1299,0
50,1317,0
50,1436,0
50,1470,0
50,1567,0
50,1604,0
50,1623,0
50,1655,0
51,316,1
51,584,1
51,782,1
51,856,1
51,161,0
51,178,0
51,218,0
51,251,0
51,356,0
51,400,0
51,474,0
51,499,0
51,524,0
51,533,0
51,543,0
51,590,0
51,610,0
51,617,0
51,665,0
51,764,0
51,775,0
51,780,0
51,796,0
51,814,0
51,922,0
51,1012,0
51,1072,0
51,1143,0
51,1259,0
51,1314,0
51,1351,0
51,1402,0
51,1431,0
51,1495,0
51,1520,0
51,1531,0
51,1549,0
51,1550,0
51,1638,0
52,17,1
52,804,1
52,808,1
52,867,1
52,905,1
52,1267,1
52,1276,1
52,1300,1
52,1402,1
52,1457,1
52,1640,1
52,9,0
52,46,0
52,49,0
52,50,0
52,52,0
52,76,0
52,97,0
52,104,0
52,126,0
52,192,0
52,197,0
52,209,0
52,266,0
52,274,0
52,304,0
52,345,0
52,366,0
52,393,0
52,410,0
52,487,0
52,574,0
52,580,0
52,591,0
52,609,0
52,690,0
52,692,0
52,803,0
52,823,0
52,827,0
52,834,0
52,853,0
52,859,0
52,873,0
52,884,0
52,937,0
52,953,0
52,968,0
52,971,0
52,991,0
52,1010,0
52,1017,0
52,1034,0
52,1066,0
52,1090,0
52,1123,0
52,1134,0
52,1144,0
52,1149,0
52,1172,0
52,1183,0
52,1189,0
52,1228,0
52,1233,0
52,1242,0
52,1281,0
52,1291,0
52,1303,0
52,1315,0
52,1331,0
52,1332,0
52,1338,0
52,1374,0
52,1401,0
52,1405,0
52,1406,0
52,1454,0
52,1463,0
52,1471,0
52,1555,0
52,1604,0
52,1621,0
53,150,1
53,521,1
53,69,0
53,363,0
53,1244,0
53,1282,0
53,1368,0
53,1443,0
53,1488,0
53,1532,0
53,1552,0
53,1587,0
54,290,1
54,309,1
54,1098,1
54,1284,1
54,1601,1
54,279,0
54,399,0
54,450,0
54,465,0
54,687,0
54,693,0
54,698,0
54,719,0
54,864,0
54,1232,0
54,1280,0
54,1347,0
54,1379,0
54,1604,0
55,661,1
55,1315,1
55,1469,1
55,1474,1
55,62,0
55,77,0
55,106,0
55,259,0
55,294,0
55,336,0
55,351,0
55,391,0
55,394,0
55,399,0
55,518,0
55,539,0
55,571,0
55,710,0
55,786,0
55,790,0
55,803,0
55,828,0
55,900,0
55,944,0
55,998,0
55,1001,0
55,1032,0
55,1043,0
55,1197,0
55,1224,0
55,1272,0
55,1293,0
55,1327,0
55,1435,0
55,1471,0
55,1555,0
56,236,1
56,1148,1
56,1387,1
56,1622,1
56,1,0
56,15,0
56,55,0
56,109,0
56,158,0
56,210,0
56,220,0
56,227,0
56,229,0
56,247,0
56,263,0
56,270,0
56,312,0
56,325,0
56,330,0
56,338,0
56,364,0
56,366,0
56,447,0
56,471,0
56,535,0
56,554,0
56,556,0
56,607,0
56,633,0
56,720,0
56,747,0
56,789,0
56,795,0
56,842,0
56,862,0
56,866,0
56,943,0
56,957,0
56,969,0
56,977,0
56,978,0
56,1040,0
56,1114,0
56,1115,0
56,1162,0
56,1177,0
56,1184,0
56,1270,0
56,1279,0
56,1372,0
56,1394,0
56,1420,0
56,1475,0
56,1526,0
56,1565,0
56,1572,0
56,1605,0
57,64,1
57,100,1
57,564,1
57,111,0
57,783,0
57,858,0
57,1584,0
58,69,1
58,241,1
58,308,1
58,419,1
58,946,1
58,8,0
58,19,0
58,23,0
58,41,0
58,53,0
58,64,0
58,67,0
58,72,0
58,132,0
58,150,0
58,155,0
58,240,0
58,286,0
58,287,0
58,379,0
58,458,0
58,459,0
58,543,0
58,580,0
58,583,0
58,628,0
58,801,0
58,828,0
58,903,0
58,929,0
58,1121,0
58,1285,0
58,1450,0
58,1525,0
58,1614,0
59,355,1
59,842,1
59,1053,1
59,1602,1
59,75,0
59,109,0
59,189,0
59,210,0
59,393,0
59,395,0
59,424,0
59,626,0
59,808,0
59,853,0
59,950,0
59,987,0
59,1080,0
59,1410,0
59,1417,0
59,1477,0
59,1489,0
59,1582,0
59,1645,0
60,18,1
60,80,1
60,187,1
60,202,1
60,281,1
60,340,1
60,442,1
60,470,1
60,489,1
60,499,1
60,560,1
60,576,1
60,606,1
60,700,1
60,754,1
60,790,1
60,865,1
60,1135,1
60,1143,1
60,1244,1
60,1320,1
60,1345,1
60,1484,1
60,1507,1
60,1508,1
60,1580,1
60,1616,1
60,3,0
60,41,0
60,47,0
60,60,0
60,70,0
60,76,0
60,83,0
60,141,0
60,155,0
60,180,0
60,191,0
60,193,0
60,214,0
60,245,0
60,250,0
60,261,0
60,268,0
60,270,0
60,278,0
60,323,0
60,378,0
60,381,0
60,411,0
60,413,0
60,414,0
60,425,0
60,427,0
60,429,0
60,472,0
60,475,0
60,478,0
60,504,0
60,522,0
60,523,0
60,582,0
60,590,0
60,594,0
60,615,0
60,625,0
60,629,0
60,645,0
60,666,0
60,701,0
60,704,0
60,705,0
60,718,0
60,739,0
60,752,0
60,764,0
60,773,0
60,777,0
60,797,0
60,799,0
60,814,0
60,817,0
60,832,0
60,897,0
60,904,0
60,906,0
60,907,0
60,924,0
60,944,0
60,947,0
60,951,0
60,970,0
60,982,0
60,983,0
60,999,0
60,1002,0
60,1047,0
60,1049,0
60,1081,0
60,1089,0
60,1108,0
60,1116,0
60,1119,0
60,1122,0
60,1154,0
60,1176,0
60,1181,0
60,1270,0
60,1282,0
60,1283,0
60,1289,0
60,1294,0
60,1328,0
60,1329,0
60,1349,0
60,1351,0
60,1361,0
60,1423,0
60,1438,0
60,1457,0
60,1465,0
60,1481,0
60,1482,0
60,1525,0
60,1549,0
60,1553,0
60,1564,0
60,1572,0
60,1615,0
60,1634,0
60,1656,0
62,142,1
62,566,1
62,1215,1
62,1311,1
62,72,0
62,88,0
62,91,0
62,117,0
62,123,0
62,139,0
62,140,0
62,167,0
62,171,0
62,198,0
62,200,0
62,215,0
62,308,0
62,325,0
62,331,0
62,332,0
62,340,0
62,344,0
62,346,0
62,428,0
62,450,0
62,462,0
62,463,0
62,489,0
62,502,0
62,542,0
62,585,0
62,592,0
62,602,0
62,634,0
62,652,0
62,680,0
62,681,0
62,687,0
62,749,0
62,773,0
62,802,0
62,811,0
62,812,0
62,816,0
62,817,0
62,832,0
62,846,0
62,983,0
62,988,0
62,1004,0
62,1007,0
62,1027,0
62,1071,0
62,1072,0
62,1107,0
62,1173,0
62,1185,0
62,1255,0
62,1326,0
62,1346,0
62,1418,0
62,1426,0
62,1433,0
62,1455,0
62,1465,0
62,1475,0
62,1507,0
62,1528,0
62,1570,0
62,1596,0
62,1606,0
63,959,1
63,30,0
63,114,0
63,146,0
63,241,0
63,336,0
63,372,0
63,445,0
63,473,0
63,514,0
63,551,0
63,827,0
63,1003,0
63,1125,0
63,1202,0
63,1291,0
63,1513,0
65,5,1
65,7,1
65,79,1
65,98,1
65,193,1
65,533,1
65,752,1
65,1153,1
65,1236,1
65,1314,1
65,1554,1
65,1632,1
65,1642,1
65,29,0
65,102,0
65,136,0
65,153,0
65,165,0
65,167,0
65,170,0
65,214,0
65,354,0
65,381,0
65,404,0
65,416,0
65,432,0
65,453,0
65,474,0
65,486,0
65,504,0
65,517,0
65,539,0
65,576,0
65,612,0
65,629,0
65,642,0
65,714,0
65,748,0
65,760,0
65,774,0
65,775,0
65,798,0
65,815,0
65,865,0
65,949,0
65,968,0
65,974,0
65,993,0
65,1014,0
65,1030,0
65,1032,0
65,1047,0
65,1049,0
65,1109,0
65,1170,0
65,1179,0
65,1198,0
65,1210,0
65,1214,0
65,1238,0
65,1246,0
65,1251,0
65,1265,0
65,1273,0
65,1277,0
65,1294,0
65,1345,0
65,1370,0
65,1395,0
65,1429,0
65,1468,0
65,1512,0
65,1520,0
65,1562,0
65,1575,0
65,1626,0
65,1628,0
66,205,1
66,385,1
66,585,1
66,747,1
66,1017,1
66,1221,1
66,1270,1
66,1385,1
66,1543,1
66,1657,1
66,31,0
66,35,0
66,44,0
66,101,0
66,166,0
66,202,0
66,284,0
66,352,0
66,362,0
66,402,0
66,408,0
66,428,0
66,430,0
66,446,0
66,449,0
66,507,0
66,508,0
66,586,0
66,608,0
66,612,0
66,628,0
66,632,0
66,695,0
66,740,0
66,829,0
66,835,0
66,892,0
66,928,0
66,952,0
66,978,0
66,982,0
66,1153,0
66,1179,0
66,1200,0
66,1263,0
66,1369,0
66,1474,0
66,1492,0
66,1521,0
66,1534,0
66,1654,0
67,328,1
67,1455,1
67,10,0
67,23,0
67,287,0
67,296,0
67,314,0
67,463,0
67,467,0
67,484,0
67,545,0
67,565,0
67,643,0
67,696,0
67,754,0
67,805,0
67,864,0
67,915,0
67,967,0
67,988,0
67,993,0
67,1064,0
67,1115,0
67,1146,0
67,1271,0
67,1437,0
68,111,1
68,415,1
68,735,1
68,871,1
68,1312,1
68,1573,1
68,1626,1
68,75,0
68,142,0
68,157,0
68,180,0
68,226,0
68,234,0
68,272,0
68,303,0
68,309,0
68,348,0
68,441,0
68,457,0
68,483,0
68,499,0
68,583,0
68,666,0
68,837,0
68,892,0
68,1016,0
68,1036,0
68,1069,0
68,1111,0
68,1171,0
68,1189,0
68,1256,0
68,1291,0
68,1337,0
68,1390,0
68,1453,0
68,1456,0
68,1508,0
68,1520,0
68,1560,0
68,1630,0
69,501,1
69,832,1
69,1249,1
69,41,0
69,187,0
69,214,0
69,235,0
69,237,0
69,488,0
69,509,0
69,589,0
69,741,0
69,904,0
69,1122,0
69,1207,0
69,1473,0
70,457,1
70,1100,1
70,1134,1
70,54,0
70,97,0
70,108,0
70,223,0
70,248,0
70,368,0
70,371,0
70,407,0
70,449,0
70,500,0
70,621,0
70,632,0
70,651,0
70,653,0
70,685,0
70,756,0
70,808,0
70,826,0
70,921,0
70,986,0
70,999,0
70,1137,0
70,1292,0
70,1321,0
70,1330,0
70,1367,0
70,1519,0
70,1592,0
71,75,1
71,117,1
71,143,1
71,155,1
71,170,1
71,214,1
71,233,1
71,262,1
71,347,1
71,362,1
71,477,1
71,496,1
71,609,1
71,614,1
71,696,1
71,701,1
71,716,1
71,719,1
71,807,1
71,824,1
71,830,1
71,909,1
71,944,1
71,949,1
71,974,1
71,1007,1
71,1043,1
71,1092,1
71,1105,1
71,1108,1
71,1118,1
71,1168,1
71,1171,1
71,1283,1
71,1293,1
71,1382,1
71,1467,1
71,1551,1
71,1569,1
71,4,0
71,30,0
71,35,0
71,79,0
71,81,0
71,84,0
71,100,0
71,116,0
71,138,0
71,139,0
71,157,0
71,159,0
71,164,0
71,165,0
71,222,0
71,245,0
71,322,0
71,392,0
71,411,0
71,431,0
71,481,0
71,510,0
71,598,0
71,599,0
71,633,0
71,647,0
71,663,0
71,713,0
71,728,0
71,800,0
71,813,0
71,853,0
71,888,0
71,890,0
71,896,0
71,906,0
71,910,0
71,911,0
71,915,0
71,952,0
71,955,0
71,957,0
71,1019,0
71,1120,0
71,1174,0
71,1190,0
71,1221,0
71,1270,0
71,1354,0
71,1387,0
71,1398,0
71,1400,0
71,1416,0
71,1426,0
71,1431,0
71,1437,0
71,1450,0
71,1457,0
71,1476,0
71,1490,0
71,1533,0
71,1548,0
71,1582,0
71,1594,0
71,1605,0
71,1621,0
71,1647,0
71,1650,0
72,403,1
72,512,1
72,24,0
72,82,0
72,128,0
72,148,0
72,190,0
72,326,0
72,336,0
72,372,0
72,411,0
72,430,0
72,443,0
72,467,0
72,484,0
72,565,0
72,635,0
72,641,0
72,662,0
72,676,0
72,698,0
72,703,0
72,728,0
72,753,0
72,755,0
72,776,0
72,792,0
72,835,0
72,855,0
72,938,0
72,959,0
72,1006,0
72,1024,0
72,1054,0
72,1088,0
72,1111,0
72,1192,0
72,1238,0
72,1260,0
72,1269,0
72,1302,0
72,1327,0
72,1391,0
72,1506,0
72,1540,0
72,1545,0
72,1569,0
72,1614,0
72,1618,0
72,1657,0
73,1435,1
73,73,0
73,124,0
73,192,0
73,318,0
73,386,0
73,741,0
73,804,0
73,1058,0
73,1187,0
73,1204,0
73,1249,0
73,1332,0
73,1357,0
73,1399,0
73,1491,0
73,1605,0
74,395,1
74,864,1
74,1237,1
74,22,0
74,46,0
74,291,0
74,315,0
74,430,0
74,443,0
74,445,0
74,600,0
74,875,0
74,1012,0
74,1257,0
74,1281,0
74,1353,0
74,1357,0
74,1446,0
74,1593,0
75,33,1
75,44,1
75,78,1
75,303,1
75,393,1
75,411,1
75,466,1
75,634,1
75,916,1
75,1055,1
75,1095,1
75,1149,1
75,1226,1
75,1353,1
75,2,0
75,4,0
75,9,0
75,28,0
75,67,0
75,114,0
75,119,0
75,126,0
75,127,0
75,137,0
75,150,0
75,156,0
75,176,0
75,186,0
75,189,0
75,190,0
75,207,0
75,306,0
75,403,0
75,505,0
75,622,0
75,676,0
75,693,0
75,804,0
75,862,0
75,911,0
75,928,0
75,1070,0
75,1079,0
75,1128,0
75,1152,0
75,1225,0
75,1409,0
75,1430,0
75,1460,0
75,1516,0
75,1601,0
76,365,1
76,550,1
76,179,0
76,726,0
76,860,0
76,912,0
76,1048,0
76,1284,0
76,1642,0
76,1654,0
77,189,1
77,1475,1
77,110,0
77,132,0
77,203,0
77,281,0
77,362,0
77,373,0
77,458,0
77,508,0
77,513,0
77,599,0
77,638,0
77,640,0
77,693,0
77,759,0
77,766,0
77,813,0
77,831,0
77,835,0
77,902,0
77,909,0
77,997,0
77,1070,0
77,1274,0
77,1498,0
77,1597,0
77,1601,0
77,1634,0
77,1654,0
79,45,1
79,61,1
79,145,1
79,159,1
79,165,1
79,432,1
79,769,1
79,813,1
79,847,1
79,910,1
79,945,1
79,998,1
79,1022,1
79,1025,1
79,1045,1
79,1169,1
79,1277,1
79,1294,1
79,1302,1
79,1384,1
79,1449,1
79,1605,1
79,90,0
79,167,0
79,212,0
79,223,0
79,237,0
79,242,0
79,282,0
79,310,0
79,358,0
79,359,0
79,392,0
79,479,0
79,480,0
79,507,0
79,509,0
79,528,0
79,533,0
79,534,0
79,554,0
79,609,0
79,613,0
79,617,0
79,645,0
79,678,0
79,683,0
79,689,0
79,697,0
79,720,0
79,737,0
79,752,0
79,756,0
79,757,0
79,821,0
79,842,0
79,854,0
79,878,0
79,914,0
79,961,0
79,974,0
79,1100,0
79,1137,0
79,1141,0
79,1209,0
79,1211,0
79,1242,0
79,1270,0
79,1308,0
79,1415,0
79,1440,0
79,1452,0
79,1474,0
79,1491,0
79,1494,0
79,1500,0
79,1519,0
79,1622,0
81,13,1
81,38,1
81,279,1
81,480,1
81,686,1
81,781,1
81,973,1
81,1059,1
81,1123,1
81,1588,1
81,1625,1
81,28,0
81,106,0
81,189,0
81,217,0
81,233,0
81,265,0
81,285,0
81,337,0
81,412,0
81,421,0
81,461,0
81,484,0
81,545,0
81,574,0
81,606,0
81,704,0
81,715,0
81,737,0
81,742,0
81,746,0
81,778,0
81,800,0
81,807,0
81,831,0
81,848,0
81,881,0
81,894,0
81,913,0
81,919,0
81,920,0
81,923,0
81,929,0
81,948,0
81,962,0
81,976,0
81,1048,0
81,1057,0
81,1062,0
81,1068,0
81,1085,0
81,1098,0
81,1115,0
81,1131,0
81,1145,0
81,1151,0
81,1161,0
81,1179,0
81,1194,0
81,1223,0
81,1224,0
81,1243,0
81,1245,0
81,1248,0
81,1296,0
81,1301,0
81,1331,0
81,1334,0
81,1336,0
81,1374,0
81,1390,0
81,1414,0
81,1419,0
81,1434,0
81,1441,0
81,1510,0
81,1537,0
81,1581,0
81,1594,0
81,1596,0
81,1602,0
81,1613,0
82,0,1
82,10,1
82,48,1
82,580,1
82,680,1
82,870,1
82,1317,1
82,213,0
82,323,0
82,357,0
82,418,0
82,435,0
82,459,0
82,492,0
82,519,0
82,546,0
82,558,0
82,602,0
82,666,0
82,766,0
82,816,0
82,835,0
82,888,0
82,1028,0
82,1055,0
82,1182,0
82,1195,0
82,1209,0
82,1216,0
82,1256,0
82,1429,0
82,1459,0
82,1587,0
83,16,1
83,521,0
83,522,0
83,563,0
83,572,0
83,911,0
83,1028,0
83,1317,0
83,1321,0
83,1332,0
84,334,1
84,581,1
84,722,1
84,11,0
84,128,0
84,153,0
84,328,0
84,349,0
84,352,0
84,413,0
84,466,0
84,475,0
84,553,0
84,632,0
84,674,0
84,969,0
84,1035,0
84,1119,0
84,1173,0
84,1284,0
84,1286,0
84,1425,0
84,1533,0
84,1541,0
84,1560,0
84,1593,0
84,1597,0
84,1643,0
84,1653,0
85,22,1
85,27,1
85,87,1
85,242,1
85,336,1
85,378,1
85,399,1
85,414,1
85,423,1
85,618,1
85,630,1
85,633,1
85,647,1
85,648,1
85,649,1
85,657,1
85,953,1
85,1079,1
85,1102,1
85,1133,1
85,1174,1
85,1232,1
85,1339,1
85,1394,1
85,1586,1
85,1590,1
85,11,0
85,28,0
85,32,0
85,43,0
85,74,0
85,97,0
85,120,0
85,131,0
85,133,0
85,144,0
85,197,0
85,209,0
85,228,0
85,231,0
85,238,0
85,243,0
85,251,0
85,256,0
85,267,0
85,289,0
85,402,0
85,422,0
85,452,0
85,453,0
85,454,0
85,511,0
85,518,0
85,526,0
85,549,0
85,551,0
85,574,0
85,607,0
85,614,0
85,615,0
85,621,0
85,632,0
85,634,0
85,644,0
85,653,0
85,662,0
85,712,0
85,720,0
85,725,0
85,738,0
85,745,0
85,750,0
85,768,0
85,786,0
85,854,0
85,882,0
85,897,0
85,910,0
85,911,0
85,922,0
85,933,0
85,938,0
85,964,0
85,969,0
85,975,0
85,989,0
85,994,0
85,1001,0
85,1022,0
85,1029,0
85,1051,0
85,1056,0
85,1093,0
85,1112,0
85,1137,0
85,1150,0
85,1154,0
85,1198,0
85,1205,0
85,1206,0
85,1231,0
85,1233,0
85,1239,0
85,1243,0
85,1265,0
85,1269,0
85,1277,0
85,1279,0
85,1285,0
85,1295,0
85,1371,0
85,1383,0
85,1387,0
85,1397,0
85,1410,0
85,1420,0
85,1422,0
85,1462,0
85,1464,0
85,1471,0
85,1502,0
85,1506,0
85,1511,0
85,1521,0
85,1523,0
85,1591,0
85,1637,0
86,4,1
86,245,1
86,307,1
86,312,1
86,471,1
86,895,1
86,1466,1
86,1470,1
86,12,0
86,39,0
86,49,0
86,71,0
86,89,0
86,122,0
86,135,0
86,249,0
86,292,0
86,301,0
86,306,0
86,333,0
86,367,0
86,399,0
86,495,0
86,505,0
86,527,0
86,570,0
86,806,0
86,954,0
86,1061,0
86,1125,0
86,1126,0
86,1151,0
86,1187,0
86,1217,0
86,1222,0
86,1225,0
86,1445,0
86,1592,0
86,1594,0
86,1612,0
86,1620,0
86,1648,0
87,440,1
87,654,1
87,704,1
87,904,1
87,921,1
87,1044,1
87,1212,1
87,1322,1
87,1584,1
87,1647,1
87,18,0
87,75,0
87,79,0
87,105,0
87,115,0
87,146,0
87,162,0
87,166,0
87,178,0
87,219,0
87,236,0
87,241,0
87,254,0
87,310,0
87,319,0
87,326,0
87,369,0
87,393,0
87,396,0
87,456,0
87,485,0
87,488,0
87,501,0
87,582,0
87,595,0
87,596,0
87,618,0
87,620,0
87,623,0
87,650,0
87,652,0
87,668,0
87,695,0
87,722,0
87,730,0
87,744,0
87,782,0
87,798,0
87,801,0
87,802,0
87,819,0
87,841,0
87,849,0
87,877,0
87,931,0
87,935,0
87,940,0
87,1027,0
87,1050,0
87,1061,0
87,1073,0
87,1132,0
87,1142,0
87,1204,0
87,1208,0
87,1244,0
87,1326,0
87,1373,0
87,1385,0
87,1397,0
87,1485,0
87,1488,0
87,1516,0
87,1565,0
87,1567,0
87,1598,0
87,1607,0
87,1644,0
88,137,1
88,433,1
88,450,1
88,914,1
88,1099,1
88,1332,1
88,1388,1
88,1442,1
88,4,0
88,5,0
88,24,0
88,32,0
88,64,0
88,80,0
88,86,0
88,117,0
88,119,0
88,123,0
88,124,0
88,132,0
88,221,0
88,244,0
88,266,0
88,272,0
88,360,0
88,368,0
88,424,0
88,443,0
88,455,0
88,466,0
88,471,0
88,473,0
88,493,0
88,508,0
88,525,0
88,529,0
88,545,0
88,592,0
88,613,0
88,638,0
88,648,0
88,767,0
88,783,0
88,785,0
88,810,0
88,826,0
88,866,0
88,899,0
88,901,0
88,933,0
88,943,0
88,954,0
88,1044,0
88,1068,0
88,1069,0
88,1080,0
88,1113,0
88,1114,0
88,1120,0
88,1125,0
88,1133,0
88,1147,0
88,1164,0
88,1168,0
88,1183,0
88,1230,0
88,1248,0
88,1273,0
88,1278,0
88,1300,0
88,1339,0
88,1342,0
88,1357,0
88,1363,0
88,1369,0
88,1374,0
88,1490,0
88,1503,0
88,1521,0
88,1563,0
88,1564,0
88,1565,0
88,1566,0
88,1621,0
90,240,1
90,263,1
90,407,1
90,487,1
90,987,1
90,1096,1
90,1440,1
90,1464,1
90,1511,1
90,1526,1
90,53,0
90,76,0
90,111,0
90,127,0
90,154,0
90,188,0
90,229,0
90,248,0
90,251,0
90,330,0
90,410,0
90,432,0
90,477,0
90,527,0
90,574,0
90,608,0
90,636,0
90,685,0
90,727,0
90,758,0
90,815,0
90,829,0
90,847,0
90,867,0
90,896,0
90,960,0
90,994,0
90,1025,0
90,1029,0
90,1105,0
90,1141,0
90,1165,0
90,1204,0
90,1223,0
90,1502,0
90,1584,0
90,1588,0
90,1624,0
90,1630,0
90,1649,0
91,850,1
91,1262,1
91,1274,1
91,9,0
91,39,0
91,204,0
91,228,0
91,255,0
91,264,0
91,369,0
91,413,0
91,711,0
91,731,0
91,848,0
91,945,0
91,966,0
91,1073,0
91,1085,0
91,1135,0
91,1162,0
91,1168,0
91,1315,0
91,1323,0
91,1490,0
91,1576,0
91,1630,0
92,161,1
92,380,1
92,575,1
92,717,1
92,1234,1
92,1399,1
92,5,0
92,20,0
92,63,0
92,66,0
92,79,0
92,82,0
92,90,0
92,109,0
92,125,0
92,148,0
92,152,0
92,346,0
92,350,0
92,353,0
92,400,0
92,448,0
92,466,0
92,511,0
92,533,0
92,563,0
92,620,0
92,640,0
92,667,0
92,691,0
92,729,0
92,736,0
92,868,0
92,897,0
92,922,0
92,933,0
92,956,0
92,971,0
92,1060,0
92,1086,0
92,1101,0
92,1216,0
92,1368,0
92,1412,0
92,1436,0
92,1473,0
92,1522,0
92,1632,0
92,1643,0
93,1036,1
93,14,0
93,231,0
93,542,0
93,719,0
93,807,0
93,846,0
93,1006,0
93,1347,0
94,3,1
94,56,1
94,59,1
94,121,1
94,131,1
94,134,1
94,168,1
94,195,1
94,230,1
94,239,1
94,244,1
94,253,1
94,278,1
94,372,1
94,424,1
94,437,1
94,452,1
94,453,1
94,479,1
94,493,1
94,529,1
94,607,1
94,642,1
94,678,1
94,714,1
94,736,1
94,757,1
94,786,1
94,789,1
94,833,1
94,876,1
94,920,1
94,961,1
94,1004,1
94,1013,1
94,1029,1
94,1088,1
94,1097,1
94,1110,1
94,1112,1
94,1137,1
94,1138,1
94,1139,1
94,1141,1
94,1182,1
94,1190,1
94,1286,1
94,1304,1
94,1334,1
94,1389,1
94,1408,1
94,1425,1
94,1519,1
94,1556,1
94,1578,1
94,1592,1
94,1597,1
94,1629,1
94,1,0
94,2,0
94,15,0
94,16,0
94,29,0
94,31,0
94,36,0
94,50,0
94,57,0
94,62,0
94,64,0
94,97,0
94,108,0
94,155,0
94,159,0
94,163,0
94,172,0
94,173,0
94,182,0
94,186,0
94,252,0
94,266,0
94,285,0
94,286,0
94,288,0
94,290,0
94,324,0
94,341,0
94,401,0
94,404,0
94,406,0
94,407,0
94,426,0
94,432,0
94,449,0
94,451,0
94,480,0
94,490,0
94,495,0
94,536,0
94,546,0
94,575,0
94,581,0
94,593,0
94,597,0
94,614,0
94,632,0
94,658,0
94,661,0
94,695,0
94,697,0
94,712,0
94,720,0
94,730,0
94,774,0
94,783,0
94,790,0
94,808,0
94,827,0
94,859,0
94,866,0
94,869,0
94,883,0
94,885,0
94,899,0
94,900,0
94,902,0
94,934,0
94,951,0
94,953,0
94,965,0
94,967,0
94,970,0
94,986,0
94,991,0
94,999,0
94,1001,0
94,1003,0
94,1008,0
94,1019,0
94,1022,0
94,1045,0
94,1066,0
94,1090,0
94,1091,0
94,1159,0
94,1214,0
94,1230,0
94,1240,0
94,1257,0
94,1265,0
94,1266,0
94,1279,0
94,1318,0
94,1379,0
94,1383,0
94,1391,0
94,1403,0
94,1413,0
94,1436,0
94,1447,0
94,1472,0
94,1480,0
94,1507,0
94,1518,0
94,1521,0
94,1523,0
94,1531,0
94,1532,0
94,1534,0
94,1536,0
94,1564,0
94,1569,0
94,1600,0
94,1612,0
94,1657,0
95,190,1
95,198,1
95,401,1
95,763,1
95,819,1
95,927,1
95,988,1
95,1222,1
95,1296,1
95,1361,1
95,1513,1
95,1656,1
95,30,0
95,33,0
95,48,0
95,68,0
95,93,0
95,101,0
95,104,0
95,110,0
95,209,0
95,247,0
95,270,0
95,295,0
95,309,0
95,321,0
95,407,0
95,414,0
95,415,0
95,473,0
95,488,0
95,512,0
95,522,0
95,525,0
95,578,0
95,580,0
95,630,0
95,662,0
95,673,0
95,675,0
95,706,0
95,731,0
95,761,0
95,771,0
95,793,0
95,809,0
95,845,0
95,881,0
95,898,0
95,917,0
95,938,0
95,941,0
95,943,0
95,962,0
95,977,0
95,979,0
95,990,0
95,1011,0
95,1048,0
95,1052,0
95,1078,0
95,1102,0
95,1191,0
95,1196,0
95,1205,0
95,1239,0
95,1252,0
95,1274,0
95,1300,0
95,1303,0
95,1335,0
95,1339,0
95,1341,0
95,1381,0
95,1516,0
95,1524,0
95,1531,0
95,1541,0
95,1579,0
95,1583,0
95,1595,0
95,1625,0
95,1658,0
96,343,1
96,1159,1
96,21,0
96,63,0
96,164,0
96,297,0
96,329,0
96,406,0
96,440,0
96,441,0
96,442,0
96,466,0
96,498,0
96,590,0
96,625,0
96,654,0
96,660,0
96,913,0
96,1180,0
96,1262,0
96,1398,0
96,1484,0
96,1508,0
96,1625,0
97,135,1
97,191,1
97,208,1
97,289,1
97,553,1
97,707,1
97,857,1
97,69,0
97,117,0
97,157,0
97,158,0
97,206,0
97,207,0
97,216,0
97,238,0
97,302,0
97,307,0
97,319,0
97,348,0
97,362,0
97,375,0
97,399,0
97,416,0
97,427,0
97,429,0
97,434,0
97,483,0
97,492,0
97,512,0
97,515,0
97,538,0
97,560,0
97,586,0
97,591,0
97,598,0
97,647,0
97,657,0
97,691,0
97,784,0
97,829,0
97,850,0
97,868,0
97,886,0
97,889,0
97,924,0
97,1023,0
97,1061,0
97,1089,0
97,1254,0
97,1262,0
97,1298,0
97,1310,0
97,1322,0
97,1336,0
97,1337,0
97,1346,0
97,1351,0
97,1358,0
97,1381,0
97,1382,0
97,1385,0
97,1409,0
97,1427,0
97,1432,0
97,1441,0
97,1490,0
97,1565,0
97,1589,0
98,587,1
98,195,0
98,317,0
98,439,0
98,484,0
98,610,0
98,916,0
98,984,0
98,1091,0
98,1403,0
98,1456,0
99,223,1
99,330,1
99,1152,1
99,52,0
99,65,0
99,108,0
99,229,0
99,267,0
99,283,0
99,318,0
99,342,0
99,380,0
99,391,0
99,404,0
99,446,0
99,764,0
99,803,0
99,844,0
99,947,0
99,1000,0
99,1001,0
99,1096,0
99,1130,0
99,1217,0
99,1238,0
99,1240,0
99,1302,0
99,1384,0
99,1387,0
99,1415,0
99,1463,0
99,1551,0
100,1016,1
100,1028,1
100,1210,1
100,1541,1
100,38,0
100,81,0
100,247,0
100,283,0
100,316,0
100,395,0
100,448,0
100,540,0
100,857,0
100,1132,0
101,6,1
101,86,1
101,123,1
101,128,1
101,348,1
101,370,1
101,387,1
101,436,1
101,467,1
101,549,1
101,551,1
101,635,1
101,738,1
101,765,1
101,770,1
101,803,1
101,810,1
101,858,1
101,883,1
101,897,1
101,1019,1
101,1034,1
101,1130,1
101,1156,1
101,1175,1
101,1176,1
101,1189,1
101,1214,1
101,1230,1
101,1308,1
101,1454,1
101,1603,1
101,1619,1
101,15,0
101,46,0
101,52,0
101,59,0
101,76,0
101,85,0
101,91,0
101,98,0
101,110,0
101,122,0
101,127,0
101,144,0
101,147,0
101,149,0
101,163,0
101,168,0
101,194,0
101,197,0
101,220,0
101,231,0
101,239,0
101,246,0
101,253,0
101,256,0
101,304,0
101,330,0
101,384,0
101,385,0
101,405,0
101,432,0
101,450,0
101,468,0
101,473,0
101,485,0
101,506,0
101,511,0
101,575,0
101,612,0
101,620,0
101,630,0
101,636,0
101,646,0
101,648,0
101,661,0
101,664,0
101,665,0
101,678,0
101,704,0
101,717,0
101,725,0
101,730,0
101,731,0
101,733,0
101,756,0
101,757,0
101,758,0
101,815,0
101,828,0
101,851,0
101,853,0
101,859,0
101,863,0
101,927,0
101,932,0
101,934,0
101,963,0
101,1000,0
101,1013,0
101,1018,0
101,1022,0
101,1029,0
101,1037,0
101,1040,0
101,1082,0
101,1086,0
101,1118,0
101,1137,0
101,1164,0
101,1169,0
101,1233,0
101,1242,0
101,1249,0
101,1251,0
101,1257,0
101,1277,0
101,1287,0
101,1288,0
101,1290,0
101,1294,0
101,1325,0
101,1338,0
101,1355,0
101,1359,0
101,1377,0
101,1380,0
101,1383,0
101,1384,0
101,1385,0
101,1394,0
101,1402,0
101,1408,0
101,1411,0
101,1448,0
101,1451,0
101,1466,0
101,1472,0
101,1497,0
101,1505,0
101,1540,0
101,1558,0
101,1574,0
101,1577,0
101,1580,0
101,1581,0
101,1590,0
101,1592,0
101,1600,0
101,1605,0
101,1611,0
101,1637,0
101,1639,0
101,1642,0
101,1650,0
102,129,1
102,292,1
102,495,1
102,659,1
102,1126,1
102,1480,1
102,27,0
102,177,0
102,208,0
102,246,0
102,250,0
102,254,0
102,283,0
102,290,0
102,302,0
102,369,0
102,418,0
102,491,0
102,498,0
102,513,0
102,516,0
102,519,0
102,588,0
102,704,0
102,716,0
102,850,0
102,926,0
102,931,0
102,979,0
102,1071,0
102,1092,0
102,1094,0
102,1183,0
102,1253,0
102,1255,0
102,1283,0
102,1346,0
102,1402,0
102,1514,0
102,1544,0
102,1545,0
102,1547,0
102,1558,0
103,113,1
103,249,1
103,855,1
103,1037,1
103,1501,1
103,1579,1
103,1623,1
103,37,0
103,78,0
103,124,0
103,143,0
103,155,0
103,212,0
103,213,0
103,269,0
103,301,0
103,358,0
103,550,0
103,564,0
103,568,0
103,672,0
103,784,0
103,822,0
103,824,0
103,936,0
103,1038,0
103,1040,0
103,1121,0
103,1155,0
103,1174,0
103,1249,0
103,1297,0
103,1396,0
103,1439,0
103,1444,0
103,1476,0
103,1590,0
103,1621,0
104,344,1
104,396,1
104,541,1
104,669,1
104,835,1
104,972,1
104,1035,1
104,1489,1
104,1516,1
104,0,0
104,73,0
104,143,0
104,186,0
104,203,0
104,210,0
104,333,0
104,367,0
104,468,0
104,510,0
104,598,0
104,613,0
104,655,0
104,658,0
104,684,0
104,721,0
104,732,0
104,737,0
104,742,0
104,762,0
104,768,0
104,771,0
104,794,0
104,876,0
104,947,0
104,1098,0
104,1103,0
104,1267,0
104,1278,0
104,1323,0
104,1372,0
104,1425,0
104,1442,0
104,1463,0
104,1487,0
104,1503,0
104,1524,0
104,1539,0
104,1542,0
104,1565,0
104,1578,0
104,1585,0
104,1655,0
106,599,1
106,220,0
106,264,0
106,560,0
106,1148,0
106,1469,0
106,1527,0
106,1551,0
107,329,1
107,983,1
107,986,1
107,1483,1
107,35,0
107,112,0
107,134,0
107,149,0
107,201,0
107,224,0
107,233,0
107,239,0
107,327,0
107,358,0
107,391,0
107,394,0
107,514,0
107,577,0
107,714,0
107,753,0
107,765,0
107,830,0
107,862,0
107,958,0
107,974,0
107,1040,0
107,1053,0
107,1077,0
107,1116,0
107,1133,0
107,1210,0
107,1244,0
107,1249,0
107,1293,0
107,1359,0
107,1387,0
107,1414,0
107,1447,0
107,1455,0
107,1460,0
107,1532,0
107,1555,0
108,21,1
108,256,1
108,261,1
108,298,1
108,446,1
108,476,1
108,653,1
108,1040,1
108,1395,1
108,1,0
108,7,0
108,17,0
108,24,0
108,26,0
108,32,0
108,47,0
108,50,0
108,54,0
108,72,0
108,131,0
108,136,0
108,140,0
108,180,0
108,228,0
108,253,0
108,329,0
108,334,0
108,382,0
108,388,0
108,394,0
108,440,0
108,457,0
108,494,0
108,526,0
108,539,0
108,552,0
108,553,0
108,573,0
108,578,0
108,589,0
108,590,0
108,595,0
108,607,0
108,633,0
108,637,0
108,738,0
108,743,0
108,758,0
108,769,0
108,799,0
108,842,0
108,892,0
108,904,0
108,918,0
108,933,0
108,945,0
108,955,0
108,1013,0
108,1066,0
108,1113,0
108,1131,0
108,1136,0
108,1154,0
108,1157,0
108,1176,0
108,1186,0
108,1194,0
108,1195,0
108,1212,0
108,1228,0
108,1236,0
108,1252,0
108,1257,0
108,1299,0
108,1320,0
108,1327,0
108,1333,0
108,1348,0
108,1363,0
108,1365,0
108,1369,0
108,1371,0
108,1385,0
108,1394,0
108,1446,0
108,1456,0
108,1468,0
108,1482,0
108,1512,0
108,1518,0
108,1536,0
108,1554,0
108,1580,0
109,37,1
109,771,1
109,1217,1
109,1297,1
109,106,0
109,281,0
109,367,0
109,390,0
109,490,0
109,588,0
109,616,0
109,626,0
109,698,0
109,708,0
109,804,0
109,855,0
109,875,0
109,896,0
109,984,0
109,1124,0
109,1241,0
109,1304,0
109,1347,0
109,1362,0
109,1376,0
109,1406,0
109,1514,0
109,1607,0
110,35,1
110,183,1
110,793,1
110,1424,1
110,1643,1
110,66,0
110,688,0
110,803,0
110,818,0
110,995,0
110,1171,0
110,1501,0
110,1611,0
110,1633,0
110,1637,0
112,761,1
112,1160,1
112,27,0
112,153,0
112,225,0
112,300,0
112,428,0
112,434,0
112,515,0
112,530,0
112,532,0
112,563,0
112,622,0
112,630,0
112,641,0
112,717,0
112,734,0
112,740,0
112,794,0
112,910,0
112,948,0
112,987,0
112,1092,0
112,1175,0
112,1229,0
112,1241,0
112,1280,0
112,1327,0
112,1428,0
112,1434,0
112,1436,0
112,1601,0
112,1609,0
113,118,1
113,431,1
113,582,1
113,616,1
113,785,1
113,943,1
113,1166,1
113,1282,1
113,1397,1
113,2,0
113,13,0
113,42,0
113,45,0
113,93,0
113,129,0
113,130,0
113,170,0
113,337,0
113,372,0
113,377,0
113,493,0
113,507,0
113,532,0
113,731,0
113,742,0
113,819,0
113,823,0
113,887,0
113,891,0
113,911,0
113,926,0
113,950,0
113,1010,0
113,1019,0
113,1100,0
113,1152,0
113,1240,0
113,1283,0
113,1300,0
113,1350,0
113,1460,0
113,1538,0
115,358,1
115,729,1
115,13,0
115,20,0
115,131,0
115,177,0
115,201,0
115,249,0
115,268,0
115,319,0
115,402,0
115,459,0
115,464,0
115,480,0
115,581,0
115,587,0
115,677,0
115,736,0
115,775,0
115,810,0
115,874,0
115,1041,0
115,1047,0
115,1056,0
115,1079,0
115,1104,0
115,1302,0
115,1312,0
115,1333,0
115,1395,0
115,1443,0
115,1587,0
116,177,1
116,390,1
116,538,1
116,641,1
116,682,1
116,849,1
116,1177,1
116,1574,1
116,1648,1
116,24,0
116,29,0
116,40,0
116,83,0
116,100,0
116,118,0
116,148,0
116,191,0
116,192,0
116,219,0
116,244,0
116,260,0
116,287,0
116,289,0
116,329,0
116,332,0
116,338,0
116,346,0
116,359,0
116,373,0
116,450,0
116,477,0
116,478,0
116,482,0
116,503,0
116,504,0
116,549,0
116,571,0
116,576,0
116,660,0
116,672,0
116,679,0
116,713,0
116,716,0
116,748,0
116,753,0
116,754,0
116,780,0
116,788,0
116,798,0
116,799,0
116,818,0
116,837,0
116,861,0
116,873,0
116,896,0
116,927,0
116,952,0
116,966,0
116,996,0
116,1004,0
116,1011,0
116,1026,0
116,1047,0
116,1057,0
116,1082,0
116,1129,0
116,1155,0
116,1162,0
116,1180,0
116,1188,0
116,1199,0
116,1211,0
116,1238,0
116,1246,0
116,1256,0
116,1290,0
116,1341,0
116,1384,0
116,1409,0
116,1413,0
116,1428,0
116,1466,0
116,1486,0
116,1528,0
116,1542,0
116,1583,0
116,1588,0
116,1607,0
116,1618,0
116,1623,0
116,1638,0
116,1643,0
117,53,1
117,164,1
117,320,1
117,361,1
117,713,1
117,801,1
117,1413,1
117,17,0
117,68,0
117,87,0
117,129,0
117,130,0
117,141,0
117,142,0
117,144,0
117,193,0
117,197,0
117,207,0
117,219,0
117,261,0
117,273,0
117,277,0
117,282,0
117,327,0
117,353,0
117,373,0
117,413,0
117,415,0
117,430,0
117,468,0
117,537,0
117,566,0
117,625,0
117,629,0
117,634,0
117,643,0
117,677,0
117,699,0
117,777,0
117,783,0
117,812,0
117,821,0
117,822,0
117,886,0
117,979,0
117,1082,0
117,1106,0
117,1111,0
117,1126,0
117,1158,0
117,1210,0
117,1340,0
117,1375,0
117,1429,0
117,1455,0
117,1458,0
117,1478,0
117,1479,0
117,1480,0
117,1490,0
117,1537,0
117,1569,0
117,1597,0
117,1642,0
117,1648,0
118,257,1
118,1305,1
118,30,0
118,55,0
118,88,0
118,126,0
118,158,0
118,181,0
118,189,0
118,290,0
118,307,0
118,347,0
118,438,0
118,513,0
118,623,0
118,687,0
118,688,0
118,759,0
118,763,0
118,855,0
118,896,0
118,1046,0
118,1084,0
118,1126,0
118,1127,0
118,1172,0
118,1241,0
118,1245,0
118,1283,0
118,1344,0
118,1403,0
118,1573,0
118,1634,0
119,406,1
119,114,0
119,804,0
121,73,1
121,204,1
121,254,1
121,321,1
121,896,1
121,1094,1
121,1128,1
121,1192,1
121,1255,1
121,1341,1
121,1344,1
121,16,0
121,22,0
121,52,0
121,145,0
121,257,0
121,279,0
121,284,0
121,320,0
121,360,0
121,375,0
121,461,0
121,491,0
121,579,0
121,600,0
121,733,0
121,741,0
121,745,0
121,795,0
121,885,0
121,908,0
121,924,0
121,991,0
121,1046,0
121,1065,0
121,1071,0
121,1078,0
121,1085,0
121,1129,0
121,1288,0
121,1316,0
121,1367,0
121,1371,0
121,1374,0
121,1417,0
121,1442,0
121,1497,0
121,1592,0
122,1147,1
122,1179,1
122,84,0
122,152,0
122,177,0
122,375,0
122,405,0
122,408,0
122,445,0
122,589,0
122,631,0
122,1139,0
122,1267,0
122,1343,0
122,1548,0
124,139,1
124,171,1
124,269,1
124,270,1
124,513,1
124,797,1
124,802,1
124,968,1
124,1000,1
124,1146,1
124,1198,1
124,1369,1
124,1375,1
124,1631,1
124,26,0
124,30,0
124,33,0
124,48,0
124,61,0
124,127,0
124,185,0
124,201,0
124,215,0
124,224,0
124,239,0
124,242,0
124,244,0
124,260,0
124,267,0
124,295,0
124,304,0
124,330,0
124,359,0
124,364,0
124,366,0
124,374,0
124,403,0
124,404,0
124,440,0
124,450,0
124,455,0
124,464,0
124,485,0
124,512,0
124,537,0
124,556,0
124,557,0
124,576,0
124,637,0
124,649,0
124,651,0
124,656,0
124,661,0
124,696,0
124,713,0
124,721,0
124,724,0
124,747,0
124,752,0
124,753,0
124,765,0
124,772,0
124,790,0
124,809,0
124,817,0
124,820,0
124,831,0
124,832,0
124,852,0
124,865,0
124,870,0
124,882,0
124,917,0
124,926,0
124,931,0
124,939,0
124,943,0
124,950,0
124,953,0
124,972,0
124,974,0
124,1010,0
124,1014,0
124,1054,0
124,1069,0
124,1070,0
124,1077,0
124,1085,0
124,1095,0
124,1155,0
124,1185,0
124,1223,0
124,1247,0
124,1309,0
124,1343,0
124,1348,0
124,1367,0
124,1382,0
124,1393,0
124,1396,0
124,1397,0
124,1413,0
124,1414,0
124,1437,0
124,1441,0
124,1455,0
124,1457,0
124,1459,0
124,1496,0
124,1528,0
124,1556,0
124,1558,0
124,1579,0
124,1598,0
124,1619,0
124,1622,0
124,1623,0
124,1624,0
126,156,1
126,266,1
126,1066,1
126,1115,1
126,1248,1
126,1416,1
126,115,0
126,188,0
126,209,0
126,364,0
126,393,0
126,471,0
126,791,0
126,806,0
126,857,0
126,890,0
126,908,0
126,937,0
126,960,0
126,1020,0
126,1065,0
126,1134,0
126,1232,0
126,1414,0
126,1475,0
126,1499,0
126,1602,0
126,1644,0
127,14,1
127,229,1
127,310,1
127,455,1
127,485,1
127,674,1
127,844,1
127,879,1
127,926,1
127,996,1
127,1010,1
127,1081,1
127,1090,1
127,1439,1
127,29,0
127,69,0
127,81,0
127,118,0
127,119,0
127,161,0
127,198,0
127,204,0
127,216,0
127,236,0
127,240,0
127,249,0
127,263,0
127,267,0
127,288,0
127,322,0
127,366,0
127,386,0
127,426,0
127,467,0
127,477,0
127,520,0
127,531,0
127,548,0
127,550,0
127,573,0
127,585,0
127,587,0
127,596,0
127,600,0
127,633,0
127,659,0
127,695,0
127,734,0
127,745,0
127,785,0
127,803,0
127,828,0
127,840,0
127,854,0
127,858,0
127,864,0
127,887,0
127,928,0
127,932,0
127,959,0
127,961,0
127,980,0
127,999,0
127,1000,0
127,1037,0
127,1053,0
127,1070,0
127,1095,0
127,1138,0
127,1174,0
127,1198,0
127,1231,0
127,1233,0
127,1252,0
127,1272,0
127,1291,0
127,1306,0
127,1310,0
127,1320,0
127,1325,0
127,1345,0
127,1352,0
127,1367,0
127,1401,0
127,1404,0
127,1421,0
127,1434,0
127,1444,0
127,1454,0
127,1498,0
127,1529,0
127,1547,0
127,1551,0
127,1558,0
127,1579,0
127,1585,0
127,1611,0
127,1622,0
128,274,1
128,353,1
128,1008,1
128,1074,1
128,1391,1
128,100,0
128,128,0
128,184,0
128,323,0
128,729,0
128,787,0
128,873,0
128,884,0
128,901,0
128,977,0
128,1036,0
128,1052,0
128,1098,0
128,1186,0
128,1188,0
128,1274,0
128,1295,0
128,1307,0
128,1335,0
128,1339,0
128,1360,0
128,1480,0
128,1607,0
128,1635,0
129,1254,1
129,670,0
129,920,0
129,1073,0
129,1175,0
130,219,1
130,282,1
130,295,1
130,426,1
130,740,1
130,822,1
130,836,1
130,837,1
130,891,1
130,1184,1
130,1611,1
130,21,0
130,44,0
130,71,0
130,86,0
130,96,0
130,103,0
130,142,0
130,271,0
130,313,0
130,316,0
130,365,0
130,374,0
130,378,0
130,401,0
130,435,0
130,470,0
130,487,0
130,525,0
130,528,0
130,568,0
130,588,0
130,596,0
130,649,0
130,650,0
130,725,0
130,791,0
130,880,0
130,975,0
130,979,0
130,1018,0
130,1038,0
130,1260,0
130,1263,0
130,1265,0
130,1276,0
130,1288,0
130,1297,0
130,1313,0
130,1324,0
130,1366,0
130,1373,0
130,1376,0
130,1408,0
130,1423,0
130,1428,0
130,1519,0
130,1533,0
130,1629,0
130,1641,0
131,19,1
131,375,1
131,474,1
131,522,1
131,675,1
131,794,1
131,1089,1
131,1360,1
131,150,0
131,185,0
131,200,0
131,206,0
131,221,0
131,250,0
131,255,0
131,311,0
131,460,0
131,492,0
131,521,0
131,628,0
131,677,0
131,709,0
131,740,0
131,761,0
131,863,0
131,889,0
131,940,0
131,941,0
131,944,0
131,956,0
131,1034,0
131,1038,0
131,1160,0
131,1175,0
131,1297,0
131,1344,0
131,1355,0
131,1361,0
131,1389,0
131,1479,0
131,1550,0
131,1606,0
131,1607,0
131,1642,0
132,167,1
132,354,1
132,357,1
132,359,1
132,443,1
132,448,1
132,486,1
132,504,1
132,540,1
132,667,1
132,869,1
132,907,1
132,1002,1
132,1047,1
132,1186,1
132,1194,1
132,1250,1
132,1269,1
132,1349,1
132,1406,1
132,1486,1
132,3,0
132,6,0
132,13,0
132,32,0
132,65,0
132,80,0
132,92,0
132,102,0
132,109,0
132,154,0
132,165,0
132,170,0
132,200,0
132,235,0
132,245,0
132,255,0
132,259,0
132,305,0
132,308,0
132,355,0
132,370,0
132,376,0
132,387,0
132,390,0
132,423,0
132,424,0
132,425,0
132,431,0
132,495,0
132,507,0
132,531,0
132,586,0
132,629,0
132,639,0
132,663,0
132,717,0
132,729,0
132,747,0
132,764,0
132,770,0
132,773,0
132,775,0
132,814,0
132,823,0
132,846,0
132,847,0
132,969,0
132,988,0
132,1008,0
132,1014,0
132,1059,0
132,1079,0
132,1109,0
132,1132,0
132,1149,0
132,1153,0
132,1178,0
132,1184,0
132,1208,0
132,1236,0
132,1252,0
132,1260,0
132,1273,0
132,1282,0
132,1286,0
132,1295,0
132,1301,0
132,1313,0
132,1318,0
132,1322,0
132,1328,0
132,1338,0
132,1360,0
132,1380,0
132,1386,0
132,1404,0
132,1422,0
132,1472,0
132,1480,0
132,1505,0
132,1511,0
132,1512,0
132,1523,0
132,1532,0
132,1562,0
132,1568,0
132,1586,0
132,1606,0
132,1626,0
132,1632,0
132,1648,0
134,32,1
134,110,1
134,119,1
134,169,1
134,258,1
134,345,1
134,366,1
134,539,1
134,593,1
134,613,1
134,737,1
134,862,1
134,939,1
134,995,1
134,999,1
134,1032,1
134,1117,1
134,1411,1
134,1433,1
134,1450,1
134,1463,1
134,1476,1
134,1521,1
134,1548,1
134,12,0
134,48,0
134,49,0
134,53,0
134,62,0
134,86,0
134,133,0
134,139,0
134,159,0
134,184,0
134,196,0
134,201,0
134,212,0
134,235,0
134,252,0
134,360,0
134,377,0
134,383,0
134,387,0
134,433,0
134,436,0
134,439,0
134,451,0
134,455,0
134,476,0
134,496,0
134,509,0
134,510,0
134,516,0
134,525,0
134,553,0
134,595,0
134,686,0
134,702,0
134,723,0
134,758,0
134,833,0
134,846,0
134,850,0
134,879,0
134,889,0
134,893,0
134,915,0
134,917,0
134,981,0
134,1026,0
134,1051,0
134,1090,0
134,1094,0
134,1108,0
134,1112,0
134,1149,0
134,1201,0
134,1210,0
134,1222,0
134,1240,0
134,1340,0
134,1359,0
134,1388,0
134,1419,0
134,1441,0
134,1504,0
134,1529,0
134,1625,0
134,1651,0
135,293,1
135,503,1
135,625,1
135,1522,1
135,1615,1
135,8,0
135,41,0
135,95,0
135,105,0
135,185,0
135,202,0
135,214,0
135,226,0
135,265,0
135,271,0
135,273,0
135,329,0
135,341,0
135,349,0
135,444,0
135,461,0
135,464,0
135,475,0
135,485,0
135,489,0
135,498,0
135,548,0
135,566,0
135,572,0
135,614,0
135,692,0
135,700,0
135,720,0
135,726,0
135,743,0
135,849,0
135,878,0
135,1121,0
135,1171,0
135,1185,0
135,1195,0
135,1208,0
135,1311,0
135,1349,0
135,1375,0
135,1429,0
135,1432,0
135,1438,0
135,1481,0
135,1482,0
135,1513,0
135,1524,0
135,1534,0
135,1549,0
136,1278,1
136,1359,1
136,1445,1
136,321,0
136,439,0
136,535,0
136,569,0
136,597,0
136,633,0
136,672,0
136,728,0
136,794,0
136,844,0
136,919,0
136,1015,0
136,1124,0
136,1151,0
137,367,1
137,940,1
137,1075,1
137,64,0
137,138,0
137,145,0
137,211,0
137,215,0
137,370,0
137,541,0
137,603,0
137,619,0
137,681,0
137,788,0
137,824,0
137,840,0
137,841,0
137,881,0
137,882,0
137,926,0
137,936,0
137,1005,0
137,1023,0
137,1253,0
137,1306,0
137,1407,0
137,1426,0
137,1645,0
138,1318,1
138,502,0
138,528,0
138,594,0
138,878,0
138,1111,0
138,1203,0
138,1358,0
138,1445,0
138,1636,0
138,1640,0
139,460,1
139,586,1
139,852,1
139,147,0
139,280,0
139,496,0
139,538,0
139,601,0
139,718,0
139,805,0
139,817,0
139,914,0
139,935,0
139,1118,0
139,1146,0
139,1227,0
139,1252,0
139,1307,0
139,1352,0
139,1398,0
139,1582,0
141,31,1
141,288,1
141,416,1
141,506,1
141,929,1
141,1566,1
141,28,0
141,46,0
141,65,0
141,71,0
141,115,0
141,134,0
141,168,0
141,225,0
141,289,0
141,350,0
141,366,0
141,386,0
141,404,0
141,443,0
141,447,0
141,586,0
141,631,0
141,750,0
141,779,0
141,932,0
141,937,0
141,1021,0
141,1067,0
141,1138,0
141,1293,0
141,1358,0
141,1372,0
141,1454,0
141,1460,0
141,1474,0
141,1477,0
141,1509,0
141,1557,0
142,49,1
142,104,1
142,160,1
142,181,1
142,201,1
142,213,1
142,234,1
142,299,1
142,313,1
142,333,1
142,364,1
142,374,1
142,490,1
142,510,1
142,518,1
142,524,1
142,571,1
142,574,1
142,577,1
142,596,1
142,615,1
142,622,1
142,655,1
142,705,1
142,721,1
142,742,1
142,792,1
142,817,1
142,848,1
142,859,1
142,886,1
142,913,1
142,918,1
142,960,1
142,976,1
142,1006,1
142,1031,1
142,1077,1
142,1078,1
142,1085,1
142,1106,1
142,1167,1
142,1196,1
142,1207,1
142,1243,1
142,1261,1
142,1291,1
142,1303,1
142,1381,1
142,1451,1
142,1537,1
142,1581,1
142,1598,1
142,1645,1
142,1658,1
142,4,0
142,5,0
142,15,0
142,20,0
142,56,0
142,67,0
142,89,0
142,106,0
142,117,0
142,122,0
142,135,0
142,136,0
142,147,0
142,164,0
142,178,0
142,184,0
142,190,0
142,191,0
142,233,0
142,254,0
142,259,0
142,262,0
142,269,0
142,276,0
142,277,0
142,280,0
142,293,0
142,298,0
142,318,0
142,335,0
142,338,0
142,339,0
142,342,0
142,360,0
142,361,0
142,378,0
142,382,0
142,386,0
142,389,0
142,391,0
142,397,0
142,403,0
142,408,0
142,416,0
142,417,0
142,421,0
142,454,0
142,457,0
142,500,0
142,529,0
142,532,0
142,534,0
142,537,0
142,541,0
142,547,0
142,549,0
142,555,0
142,561,0
142,564,0
142,565,0
142,567,0
142,570,0
142,592,0
142,605,0
142,616,0
142,619,0
142,620,0
142,642,0
142,648,0
142,669,0
142,672,0
142,673,0
142,694,0
142,696,0
142,723,0
142,732,0
142,737,0
142,749,0
142,757,0
142,799,0
142,845,0
142,849,0
142,876,0
142,885,0
142,891,0
142,895,0
142,903,0
142,946,0
142,948,0
142,959,0
142,962,0
142,973,0
142,981,0
142,984,0
142,996,0
142,997,0
142,1020,0
142,1025,0
142,1050,0
142,1054,0
142,1076,0
142,1096,0
142,1098,0
142,1099,0
142,1102,0
142,1107,0
142,1109,0
142,1120,0
142,1123,0
142,1126,0
142,1129,0
142,1151,0
142,1152,0
142,1162,0
142,1163,0
142,1164,0
142,1168,0
142,1175,0
142,1176,0
142,1191,0
142,1193,0
142,1197,0
142,1202,0
142,1237,0
142,1239,0
142,1253,0
142,1263,0
142,1273,0
142,1287,0
142,1315,0
142,1316,0
142,1319,0
142,1329,0
142,1334,0
142,1336,0
142,1337,0
142,1338,0
142,1368,0
142,1372,0
142,1378,0
142,1389,0
142,1391,0
142,1399,0
142,1417,0
142,1419,0
142,1447,0
142,1448,0
142,1473,0
142,1485,0
142,1492,0
142,1504,0
142,1516,0
142,1533,0
142,1538,0
142,1539,0
142,1546,0
142,1547,0
142,1549,0
142,1572,0
142,1595,0
142,1605,0
142,1617,0
142,1620,0
142,1631,0
142,1635,0
142,1644,0
143,652,1
143,105,0
143,301,0
143,328,0
143,458,0
143,470,0
143,602,0
143,624,0
143,700,0
143,909,0
143,915,0
143,1027,0
143,1297,0
143,1307,0
143,1326,0
143,1583,0
143,1647,0
144,210,1
144,247,1
144,421,1
144,526,1
144,535,1
144,592,1
144,687,1
144,980,1
144,1061,1
144,1125,1
144,1165,1
144,1458,1
144,1634,1
144,1652,1
144,9,0
144,39,0
144,44,0
144,68,0
144,84,0
144,109,0
144,132,0
144,182,0
144,279,0
144,282,0
144,283,0
144,303,0
144,337,0
144,364,0
144,392,0
144,417,0
144,426,0
144,449,0
144,451,0
144,454,0
144,465,0
144,497,0
144,513,0
144,563,0
144,570,0
144,593,0
144,596,0
144,622,0
144,623,0
144,626,0
144,673,0
144,705,0
144,721,0
144,742,0
144,768,0
144,793,0
144,795,0
144,834,0
144,886,0
144,901,0
144,902,0
144,925,0
144,929,0
144,930,0
144,970,0
144,1015,0
144,1017,0
144,1031,0
144,1053,0
144,1062,0
144,1124,0
144,1196,0
144,1239,0
144,1255,0
144,1261,0
144,1306,0
144,1344,0
144,1400,0
144,1420,0
144,1440,0
144,1483,0
144,1493,0
144,1499,0
144,1512,0
144,1533,0
144,1540,0
144,1548,0
144,1551,0
144,1557,0
144,1561,0
144,1563,0
144,1566,0
144,1584,0
144,1602,0
144,1646,0
144,1651,0
145,116,1
145,1223,1
145,1462,1
145,8,0
145,94,0
145,138,0
145,144,0
145,145,0
145,180,0
145,183,0
145,223,0
145,232,0
145,257,0
145,260,0
145,273,0
145,278,0
145,299,0
145,334,0
145,343,0
145,346,0
145,409,0
145,419,0
145,493,0
145,501,0
145,505,0
145,518,0
145,576,0
145,706,0
145,722,0
145,739,0
145,782,0
145,784,0
145,796,0
145,814,0
145,818,0
145,819,0
145,825,0
145,830,0
145,851,0
145,880,0
145,923,0
145,970,0
145,1122,0
145,1213,0
145,1216,0
145,1234,0
145,1317,0
145,1345,0
145,1375,0
145,1468,0
145,1478,0
145,1520,0
145,1531,0
145,1541,0
145,1571,0
145,1593,0
146,51,1
146,95,1
146,544,1
146,703,1
146,728,1
146,773,1
146,1024,1
146,1290,1
146,1298,1
146,1398,1
146,1482,1
146,22,0
146,29,0
146,34,0
146,43,0
146,60,0
146,68,0
146,78,0
146,118,0
146,133,0
146,146,0
146,174,0
146,189,0
146,192,0
146,224,0
146,247,0
146,384,0
146,462,0
146,472,0
146,508,0
146,542,0
146,568,0
146,591,0
146,597,0
146,608,0
146,664,0
146,676,0
146,688,0
146,738,0
146,810,0
146,826,0
146,845,0
146,864,0
146,868,0
146,884,0
146,888,0
146,942,0
146,998,0
146,1033,0
146,1046,0
146,1088,0
146,1101,0
146,1182,0
146,1199,0
146,1206,0
146,1212,0
146,1219,0
146,1229,0
146,1230,0
146,1282,0
146,1288,0
146,1318,0
146,1342,0
146,1365,0
146,1388,0
146,1416,0
146,1438,0
146,1466,0
146,1467,0
146,1475,0
146,1485,0
146,1488,0
146,1574,0
146,1636,0
147,373,1
147,48,0
147,231,0
147,258,0
147,281,0
147,314,0
147,351,0
147,419,0
147,669,0
147,771,0
147,778,0
147,787,0
147,1005,0
147,1070,0
147,1215,0
147,1354,0
147,1406,0
147,1413,0
147,1438,0
147,1515,0
147,1608,0
148,1012,1
148,1377,1
148,58,0
148,78,0
148,145,0
148,179,0
148,213,0
148,221,0
148,496,0
148,535,0
148,555,0
148,673,0
148,767,0
148,787,0
148,823,0
148,967,0
148,1017,0
148,1102,0
148,1225,0
148,1329,0
148,1357,0
148,1464,0
148,1577,0
149,805,1
149,1065,1
149,1575,1
149,1607,1
149,19,0
149,37,0
149,45,0
149,94,0
149,121,0
149,183,0
149,271,0
149,344,0
149,400,0
149,419,0
149,553,0
149,602,0
149,610,0
149,636,0
149,675,0
149,714,0
149,735,0
149,810,0
149,825,0
149,827,0
149,894,0
149,921,0
149,1011,0
149,1056,0
149,1154,0
149,1166,0
149,1171,0
149,1218,0
149,1265,0
149,1305,0
149,1376,0
149,1589,0
149,1634,0
150,196,1
150,556,1
150,911,1
150,1151,1
150,1403,1
150,77,0
150,222,0
150,227,0
150,300,0
150,363,0
150,420,0
150,476,0
150,487,0
150,607,0
150,623,0
150,714,0
150,762,0
150,789,0
150,842,0
150,852,0
150,905,0
150,1009,0
150,1012,0
150,1025,0
150,1055,0
150,1069,0
150,1092,0
150,1105,0
150,1163,0
150,1188,0
150,1308,0
150,1344,0
150,1416,0
150,1444,0
150,1477,0
150,1559,0
150,1569,0
150,1588,0
150,1594,0
151,238,1
151,519,1
151,559,1
151,646,1
151,877,1
151,984,1
151,1069,1
151,1109,1
151,1114,1
151,1271,1
151,225,0
151,301,0
151,353,0
151,398,0
151,494,0
151,572,0
151,584,0
151,624,0
151,629,0
151,640,0
151,677,0
151,680,0
151,692,0
151,704,0
151,744,0
151,760,0
151,1005,0
151,1074,0
151,1119,0
151,1159,0
151,1261,0
151,1311,0
151,1433,0
151,1457,0
151,1517,0
152,76,1
152,124,1
152,1542,1
152,21,0
152,49,0
152,89,0
152,417,0
152,644,0
152,649,0
152,657,0
152,881,0
152,890,0
152,1069,0
152,1102,0
152,1110,0
152,1148,0
152,1235,0
152,1245,0
152,1276,0
152,1292,0
152,1299,0
152,1487,0
152,1491,0
152,1508,0
152,1545,0
152,1555,0
152,1566,0
152,1587,0
152,1598,0
152,1615,0
152,1620,0
152,1625,0
153,209,1
153,676,1
153,887,1
153,899,1
153,991,1
153,1227,1
153,1534,1
153,1604,1
153,10,0
153,152,0
153,188,0
153,273,0
153,284,0
153,285,0
153,385,0
153,435,0
153,487,0
153,490,0
153,515,0
153,527,0
153,554,0
153,585,0
153,656,0
153,689,0
153,696,0
153,702,0
153,733,0
153,807,0
153,985,0
153,1003,0
153,1108,0
153,1130,0
153,1181,0
153,1197,0
153,1206,0
153,1262,0
153,1264,0
153,1298,0
153,1304,0
153,1321,0
153,1390,0
153,1515,0
153,1557,0
153,1599,0
153,1652,0
153,1653,0
154,286,1
154,724,1
154,1064,1
154,1113,1
154,1456,1
154,7,0
154,35,0
154,85,0
154,143,0
154,161,0
154,202,0
154,221,0
154,276,0
154,337,0
154,363,0
154,405,0
154,407,0
154,422,0
154,427,0
154,447,0
154,451,0
154,524,0
154,548,0
154,551,0
154,621,0
154,635,0
154,675,0
154,684,0
154,755,0
154,809,0
154,815,0
154,856,0
154,873,0
154,877,0
154,941,0
154,956,0
154,958,0
154,965,0
154,1002,0
154,1087,0
154,1145,0
154,1155,0
154,1212,0
154,1238,0
154,1259,0
154,1260,0
154,1275,0
154,1285,0
154,1320,0
154,1354,0
154,1416,0
154,1512,0
154,1523,0
154,1575,0
154,1583,0
154,1618,0
154,1637,0
154,1650,0
156,176,1
156,516,1
156,573,1
156,874,1
156,890,1
156,1060,1
156,1453,1
156,1646,1
156,43,0
156,102,0
156,161,0
156,268,0
156,367,0
156,446,0
156,501,0
156,524,0
156,547,0
156,566,0
156,569,0
156,571,0
156,947,0
156,972,0
156,998,0
156,1103,0
156,1205,0
156,1235,0
156,1306,0
156,1393,0
156,1419,0
156,1496,0
156,1507,0
156,1597,0
157,15,1
157,24,1
157,25,1
157,36,1
157,55,1
157,68,1
157,71,1
157,89,1
157,147,1
157,324,1
157,379,1
157,408,1
157,410,1
157,454,1
157,472,1
157,509,1
157,591,1
157,594,1
157,602,1
157,718,1
157,766,1
157,930,1
157,962,1
157,1015,1
157,1049,1
157,1058,1
157,1093,1
157,1120,1
157,1158,1
157,1163,1
157,1197,1
157,1200,1
157,1213,1
157,1219,1
157,1220,1
157,1292,1
157,1329,1
157,1492,1
157,1515,1
157,1518,1
157,1524,1
157,1540,1
157,1546,1
157,1567,1
157,1570,1
157,1572,1
157,1589,1
157,3,0
157,50,0
157,61,0
157,67,0
157,92,0
157,114,0
157,136,0
157,138,0
157,146,0
157,148,0
157,151,0
157,163,0
157,168,0
157,169,0
157,182,0
157,183,0
157,195,0
157,196,0
157,203,0
157,207,0
157,213,0
157,243,0
157,246,0
157,262,0
157,263,0
157,288,0
157,294,0
157,313,0
157,320,0
157,342,0
157,351,0
157,361,0
157,376,0
157,388,0
157,396,0
157,419,0
157,420,0
157,422,0
157,438,0
157,473,0
157,480,0
157,491,0
157,493,0
157,503,0
157,506,0
157,524,0
157,534,0
157,536,0
157,547,0
157,552,0
157,555,0
157,556,0
157,559,0
157,578,0
157,584,0
157,599,0
157,604,0
157,619,0
157,621,0
157,627,0
157,635,0
157,637,0
157,655,0
157,659,0
157,664,0
157,668,0
157,676,0
157,684,0
157,689,0
157,701,0
157,707,0
157,711,0
157,713,0
157,715,0
157,732,0
157,751,0
157,772,0
157,781,0
157,814,0
157,828,0
157,851,0
157,856,0
157,875,0
157,898,0
157,908,0
157,923,0
157,925,0
157,934,0
157,958,0
157,960,0
157,965,0
157,966,0
157,967,0
157,980,0
157,989,0
157,990,0
157,994,0
157,998,0
157,1009,0
157,1022,0
157,1037,0
157,1038,0
157,1042,0
157,1045,0
157,1059,0
157,1067,0
157,1083,0
157,1084,0
157,1098,0
157,1099,0
157,1107,0
157,1108,0
157,1131,0
157,1145,0
157,1165,0
157,1167,0
157,1168,0
157,1181,0
157,1190,0
157,1201,0
157,1246,0
157,1248,0
157,1268,0
157,1281,0
157,1296,0
157,1298,0
157,1303,0
157,1313,0
157,1339,0
157,1350,0
157,1358,0
157,1370,0
157,1372,0
157,1379,0
157,1382,0
157,1391,0
157,1393,0
157,1399,0
157,1407,0
157,1408,0
157,1416,0
157,1427,0
157,1441,0
157,1445,0
157,1449,0
157,1450,0
157,1458,0
157,1476,0
157,1501,0
157,1506,0
157,1509,0
157,1510,0
157,1517,0
157,1535,0
157,1539,0
157,1544,0
157,1547,0
157,1563,0
157,1585,0
157,1593,0
157,1603,0
157,1627,0
157,1629,0
157,1640,0
158,787,1
158,211,0
158,341,0
158,356,0
158,453,0
158,456,0
158,724,0
158,887,0
158,1075,0
158,1395,0
158,1452,0
159,54,1
159,150,0
159,274,0
159,622,0
159,844,0
159,873,0
159,913,0
159,959,0
159,1192,0
159,1300,0
159,1437,0
159,1493,0
159,1531,0
160,29,1
160,464,1
160,1193,1
160,1421,1
160,1527,1
160,45,0
160,98,0
160,113,0
160,196,0
160,226,0
160,232,0
160,251,0
160,316,0
160,388,0
160,482,0
160,540,0
160,558,0
160,592,0
160,603,0
160,691,0
160,734,0
160,736,0
160,748,0
160,863,0
160,877,0
160,1009,0
160,1160,0
160,1184,0
160,1199,0
160,1246,0
160,1247,0
160,1269,0
160,1271,0
160,1343,0
160,1412,0
160,1466,0
160,1526,0
160,1552,0
160,1554,0
161,8,1
161,341,1
161,620,1
161,748,1
161,1030,1
161,1154,1
161,1309,1
161,1531,1
161,18,0
161,60,0
161,70,0
161,114,0
161,157,0
161,171,0
161,194,0
161,234,0
161,278,0
161,315,0
161,318,0
161,319,0
161,340,0
161,349,0
161,380,0
161,414,0
161,440,0
161,486,0
161,499,0
161,539,0
161,542,0
161,544,0
161,608,0
161,618,0
161,650,0
161,654,0
161,682,0
161,724,0
161,769,0
161,790,0
161,798,0
161,801,0
161,807,0
161,845,0
161,847,0
161,856,0
161,878,0
161,904,0
161,924,0
161,942,0
161,983,0
161,997,0
161,1005,0
161,1016,0
161,1021,0
161,1027,0
161,1049,0
161,1083,0
161,1128,0
161,1141,0
161,1142,0
161,1160,0
161,1231,0
161,1264,0
161,1314,0
161,1315,0
161,1345,0
161,1363,0
161,1388,0
161,1462,0
161,1554,0
161,1578,0
161,1616,0
161,1636,0
161,1638,0
162,62,1
162,153,1
162,251,1
162,727,1
162,730,1
162,900,1
162,969,1
162,975,1
162,985,1
162,1101,1
162,1205,1
162,1260,1
162,1273,1
162,1342,1
162,1420,1
162,1443,1
162,1529,1
162,1562,1
162,22,0
162,42,0
162,57,0
162,59,0
162,65,0
162,113,0
162,129,0
162,131,0
162,135,0
162,139,0
162,158,0
162,268,0
162,300,0
162,313,0
162,363,0
162,384,0
162,385,0
162,395,0
162,400,0
162,403,0
162,433,0
162,481,0
162,486,0
162,582,0
162,685,0
162,703,0
162,766,0
162,769,0
162,794,0
162,810,0
162,813,0
162,836,0
162,839,0
162,897,0
162,927,0
162,932,0
162,949,0
162,954,0
162,983,0
162,995,0
162,1017,0
162,1025,0
162,1104,0
162,1120,0
162,1133,0
162,1148,0
162,1183,0
162,1184,0
162,1230,0
162,1256,0
162,1258,0
162,1293,0
162,1320,0
162,1344,0
162,1347,0
162,1355,0
162,1383,0
162,1384,0
162,1401,0
162,1404,0
162,1444,0
162,1471,0
162,1489,0
162,1556,0
162,1577,0
163,12,1
163,65,1
163,122,1
163,154,1
163,182,1
163,363,1
163,468,1
163,481,1
163,689,1
163,1086,1
163,1204,1
163,1224,1
163,1256,1
163,1547,1
163,1558,1
163,1564,1
163,1577,1
163,1612,1
163,17,0
163,50,0
163,62,0
163,119,0
163,127,0
163,181,0
163,198,0
163,239,0
163,276,0
163,294,0
163,300,0
163,303,0
163,312,0
163,313,0
163,318,0
163,347,0
163,377,0
163,423,0
163,447,0
163,452,0
163,471,0
163,577,0
163,617,0
163,630,0
163,730,0
163,797,0
163,900,0
163,915,0
163,955,0
163,958,0
163,961,0
163,963,0
163,964,0
163,975,0
163,1034,0
163,1043,0
163,1067,0
163,1141,0
163,1183,0
163,1232,0
163,1272,0
163,1277,0
163,1359,0
163,1377,0
163,1384,0
163,1434,0
163,1442,0
163,1502,0
163,1528,0
163,1556,0
163,1610,0
164,590,1
164,1370,1
164,1407,1
164,26,0
164,83,0
164,86,0
164,111,0
164,173,0
164,229,0
164,334,0
164,344,0
164,399,0
164,440,0
164,476,0
164,514,0
164,518,0
164,526,0
164,530,0
164,533,0
164,552,0
164,558,0
164,582,0
164,589,0
164,653,0
164,662,0
164,668,0
164,682,0
164,688,0
164,743,0
164,751,0
164,760,0
164,770,0
164,866,0
164,871,0
164,880,0
164,987,0
164,996,0
164,1045,0
164,1133,0
164,1216,0
164,1292,0
164,1337,0
164,1369,0
164,1394,0
164,1428,0
164,1455,0
164,1494,0
164,1526,0
164,1566,0
164,1611,0
165,405,1
165,979,1
165,56,0
165,226,0
165,246,0
165,475,0
165,841,0
165,1004,0
165,1030,0
165,1123,0
165,1135,0
165,1166,0
165,1224,0
165,1461,0
165,1517,0
165,1543,0
165,1608,0
165,1631,0
166,530,1
166,552,1
166,924,1
166,982,1
166,1014,1
166,1409,1
166,1412,1
166,1427,1
166,1488,1
166,59,0
166,141,0
166,205,0
166,212,0
166,277,0
166,315,0
166,343,0
166,346,0
166,352,0
166,382,0
166,384,0
166,406,0
166,441,0
166,573,0
166,672,0
166,683,0
166,694,0
166,708,0
166,773,0
166,777,0
166,780,0
166,781,0
166,821,0
166,944,0
166,949,0
166,1016,0
166,1081,0
166,1118,0
166,1145,0
166,1158,0
166,1167,0
166,1208,0
166,1244,0
166,1330,0
166,1353,0
166,1375,0
166,1377,0
166,1407,0
166,1452,0
166,1461,0
166,1498,0
166,1508,0
166,1535,0
166,1586,0
166,1595,0
166,1631,0
166,1648,0
167,20,1
167,34,1
167,74,1
167,92,1
167,138,1
167,152,1
167,166,1
167,211,1
167,216,1
167,220,1
167,285,1
167,315,1
167,325,1
167,335,1
167,337,1
167,342,1
167,371,1
167,382,1
167,404,1
167,449,1
167,520,1
167,536,1
167,547,1
167,555,1
167,578,1
167,595,1
167,600,1
167,656,1
167,668,1
167,731,1
167,732,1
167,734,1
167,746,1
167,749,1
167,840,1
167,843,1
167,889,1
167,932,1
167,935,1
167,947,1
167,965,1
167,967,1
167,994,1
167,1003,1
167,1042,1
167,1116,1
167,1121,1
167,1178,1
167,1209,1
167,1242,1
167,1268,1
167,1343,1
167,1350,1
167,1371,1
167,1390,1
167,1414,1
167,1472,1
167,1485,1
167,1496,1
167,1517,1
167,1539,1
167,1549,1
167,1563,1
167,1565,1
167,1593,1
167,1595,1
167,1610,1
167,1649,1
167,0,0
167,6,0
167,9,0
167,13,0
167,16,0
167,25,0
167,33,0
167,36,0
167,39,0
167,57,0
167,58,0
167,75,0
167,88,0
167,89,0
167,103,0
167,116,0
167,122,0
167,129,0
167,131,0
167,133,0
167,140,0
167,154,0
167,156,0
167,157,0
167,160,0
167,164,0
167,168,0
167,174,0
167,198,0
167,208,0
167,217,0
167,225,0
167,229,0
167,243,0
167,245,0
167,252,0
167,257,0
167,259,0
167,260,0
167,262,0
167,269,0
167,290,0
167,298,0
167,306,0
167,321,0
167,324,0
167,333,0
167,341,0
167,345,0
167,350,0
167,351,0
167,362,0
167,374,0
167,385,0
167,389,0
167,397,0
167,408,0
167,410,0
167,454,0
167,462,0
167,493,0
167,496,0
167,529,0
167,531,0
167,546,0
167,561,0
167,564,0
167,565,0
167,567,0
167,575,0
167,577,0
167,579,0
167,583,0
167,588,0
167,592,0
167,594,0
167,605,0
167,606,0
167,613,0
167,615,0
167,616,0
167,619,0
167,638,0
167,644,0
167,655,0
167,664,0
167,667,0
167,670,0
167,678,0
167,680,0
167,687,0
167,699,0
167,737,0
167,755,0
167,763,0
167,776,0
167,780,0
167,785,0
167,786,0
167,790,0
167,792,0
167,794,0
167,811,0
167,819,0
167,822,0
167,824,0
167,851,0
167,859,0
167,868,0
167,876,0
167,908,0
167,912,0
167,919,0
167,939,0
167,961,0
167,963,0
167,973,0
167,976,0
167,982,0
167,988,0
167,989,0
167,995,0
167,1006,0
167,1015,0
167,1021,0
167,1025,0
167,1031,0
167,1037,0
167,1040,0
167,1044,0
167,1045,0
167,1052,0
167,1058,0
167,1080,0
167,1084,0
167,1087,0
167,1089,0
167,1091,0
167,1100,0
167,1115,0
167,1129,0
167,1158,0
167,1161,0
167,1163,0
167,1172,0
167,1174,0
167,1182,0
167,1193,0
167,1195,0
167,1205,0
167,1213,0
167,1216,0
167,1219,0
167,1220,0
167,1224,0
167,1227,0
167,1228,0
167,1234,0
167,1247,0
167,1248,0
167,1258,0
167,1259,0
167,1278,0
167,1296,0
167,1298,0
167,1316,0
167,1317,0
167,1331,0
167,1333,0
167,1348,0
167,1361,0
167,1362,0
167,1367,0
167,1374,0
167,1378,0
167,1381,0
167,1389,0
167,1400,0
167,1427,0
167,1430,0
167,1435,0
167,1439,0
167,1440,0
167,1447,0
167,1448,0
167,1451,0
167,1452,0
167,1459,0
167,1468,0
167,1473,0
167,1484,0
167,1492,0
167,1500,0
167,1509,0
167,1511,0
167,1516,0
167,1518,0
167,1527,0
167,1529,0
167,1535,0
167,1536,0
167,1537,0
167,1545,0
167,1546,0
167,1557,0
167,1561,0
167,1576,0
167,1577,0
167,1589,0
167,1590,0
167,1612,0
167,1615,0
167,1617,0
167,1626,0
167,1627,0
167,1651,0
167,1656,0
168,192,1
168,662,1
168,925,1
168,1272,1
168,1307,1
168,1561,1
168,1594,1
168,1653,1
168,12,0
168,52,0
168,55,0
168,138,0
168,143,0
168,152,0
168,173,0
168,223,0
168,241,0
168,263,0
168,275,0
168,289,0
168,299,0
168,342,0
168,345,0
168,519,0
168,580,0
168,582,0
168,591,0
168,659,0
168,733,0
168,736,0
168,905,0
168,916,0
168,987,0
168,994,0
168,996,0
168,1062,0
168,1063,0
168,1077,0
168,1106,0
168,1158,0
168,1164,0
168,1249,0
168,1289,0
168,1323,0
168,1361,0
168,1399,0
168,1474,0
168,1476,0
168,1489,0
168,1499,0
168,1532,0
168,1618,0
168,1622,0
168,1624,0
169,413,1
169,829,1
169,1027,1
169,1479,1
169,1654,1
169,14,0
169,47,0
169,107,0
169,151,0
169,169,0
169,177,0
169,190,0
169,193,0
169,201,0
169,232,0
169,255,0
169,293,0
169,297,0
169,305,0
169,324,0
169,326,0
169,355,0
169,398,0
169,419,0
169,463,0
169,470,0
169,495,0
169,515,0
169,516,0
169,561,0
169,657,0
169,722,0
169,726,0
169,752,0
169,782,0
169,797,0
169,818,0
169,836,0
169,838,0
169,884,0
169,942,0
169,1033,0
169,1035,0
169,1048,0
169,1074,0
169,1177,0
169,1185,0
169,1210,0
169,1267,0
169,1269,0
169,1271,0
169,1311,0
169,1324,0
169,1340,0
169,1343,0
169,1360,0
169,1465,0
169,1477,0
169,1541,0
169,1575,0
169,1578,0
169,1646,0
169,1656,0
170,60,1
170,120,1
170,136,1
170,300,1
170,339,1
170,383,1
170,392,1
170,772,1
170,809,1
170,854,1
170,915,1
170,1150,1
170,1240,1
170,1263,1
170,1333,1
170,1404,1
170,1419,1
170,38,0
170,42,0
170,51,0
170,74,0
170,134,0
170,147,0
170,191,0
170,193,0
170,269,0
170,270,0
170,287,0
170,327,0
170,328,0
170,338,0
170,345,0
170,361,0
170,362,0
170,390,0
170,420,0
170,433,0
170,436,0
170,454,0
170,455,0
170,465,0
170,510,0
170,511,0
170,516,0
170,520,0
170,523,0
170,591,0
170,616,0
170,617,0
170,631,0
170,638,0
170,658,0
170,686,0
170,721,0
170,723,0
170,751,0
170,765,0
170,806,0
170,833,0
170,848,0
170,851,0
170,862,0
170,871,0
170,886,0
170,890,0
170,893,0
170,972,0
170,973,0
170,974,0
170,1105,0
170,1117,0
170,1140,0
170,1175,0
170,1177,0
170,1197,0
170,1198,0
170,1220,0
170,1237,0
170,1242,0
170,1268,0
170,1285,0
170,1302,0
170,1346,0
170,1414,0
170,1445,0
170,1450,0
170,1459,0
170,1461,0
170,1462,0
170,1499,0
170,1503,0
170,1510,0
170,1530,0
170,1534,0
170,1540,0
170,1561,0
170,1578,0
170,1586,0
170,1598,0
170,1603,0
170,1615,0
170,1630,0
170,1633,0
170,1652,0
170,1658,0
171,767,1
171,1608,1
171,37,0
171,198,0
171,221,0
171,584,0
171,955,0
171,1305,0
171,1307,0
171,1364,0
171,1573,0
171,1612,0
172,356,1
172,409,1
172,725,1
172,1131,1
172,1252,1
172,11,0
172,140,0
172,168,0
172,170,0
172,204,0
172,379,0
172,394,0
172,453,0
172,497,0
172,557,0
172,581,0
172,634,0
172,647,0
172,649,0
172,749,0
172,829,0
172,854,0
172,858,0
172,1035,0
172,1082,0
172,1086,0
172,1138,0
172,1153,0
172,1173,0
172,1377,0
172,1469,0
172,1599,0
172,1603,0
173,567,1
173,232,0
173,326,0
173,483,0
173,1132,0
173,1524,0
174,67,1
174,430,1
174,691,1
174,1111,1
174,1468,1
174,63,0
174,81,0
174,130,0
174,176,0
174,275,0
174,361,0
174,393,0
174,411,0
174,412,0
174,557,0
174,602,0
174,604,0
174,606,0
174,641,0
174,679,0
174,682,0
174,699,0
174,755,0
174,796,0
174,881,0
174,925,0
174,936,0
174,1087,0
174,1115,0
174,1124,0
174,1178,0
174,1191,0
174,1289,0
174,1409,0
174,1433,0
174,1489,0
174,1497,0
174,1567,0
174,1568,0
174,1596,0
174,1636,0
175,72,1
175,94,1
175,130,1
175,185,1
175,237,1
175,276,1
175,319,1
175,417,1
175,498,1
175,812,1
175,1039,1
175,1063,1
175,1073,1
175,1199,1
175,1253,1
175,1326,1
175,1459,1
175,1538,1
175,1638,1
175,51,0
175,63,0
175,103,0
175,113,0
175,135,0
175,142,0
175,171,0
175,181,0
175,187,0
175,188,0
175,195,0
175,216,0
175,245,0
175,268,0
175,275,0
175,278,0
175,282,0
175,287,0
175,320,0
175,331,0
175,361,0
175,374,0
175,378,0
175,392,0
175,413,0
175,416,0
175,427,0
175,431,0
175,444,0
175,458,0
175,469,0
175,489,0
175,512,0
175,534,0
175,566,0
175,590,0
175,593,0
175,604,0
175,620,0
175,627,0
175,649,0
175,663,0
175,665,0
175,669,0
175,671,0
175,679,0
175,685,0
175,701,0
175,716,0
175,724,0
175,830,0
175,831,0
175,872,0
175,879,0
175,894,0
175,954,0
175,1027,0
175,1028,0
175,1090,0
175,1119,0
175,1120,0
175,1136,0
175,1151,0
175,1203,0
175,1207,0
175,1235,0
175,1289,0
175,1309,0
175,1311,0
175,1322,0
175,1340,0
175,1393,0
175,1397,0
175,1399,0
175,1404,0
175,1409,0
175,1461,0
175,1482,0
175,1527,0
175,1553,0
175,1610,0
175,1617,0
175,1642,0
175,1655,0
175,1658,0
176,173,1
176,377,1
176,429,1
176,459,1
176,1054,1
176,1429,1
176,1505,1
176,1568,1
176,14,0
176,23,0
176,31,0
176,184,0
176,273,0
176,293,0
176,296,0
176,298,0
176,317,0
176,341,0
176,348,0
176,400,0
176,469,0
176,479,0
176,482,0
176,567,0
176,666,0
176,683,0
176,702,0
176,709,0
176,775,0
176,811,0
176,907,0
176,945,0
176,951,0
176,1026,0
176,1030,0
176,1167,0
176,1221,0
176,1314,0
176,1324,0
176,1351,0
176,1431,0
176,1452,0
176,1507,0
176,1520,0
176,1619,0
176,1639,0
177,502,1
177,8,0
177,91,0
177,256,0
177,332,0
177,478,0
177,611,0
177,743,0
177,852,0
177,907,0
177,984,0
177,993,0
177,1007,0
177,1116,0
177,1212,0
177,1233,0
177,1571,0
178,46,1
178,66,1
178,273,1
178,384,1
178,389,1
178,398,1
178,444,1
178,445,1
178,462,1
178,473,1
178,531,1
178,537,1
178,561,1
178,639,1
178,670,1
178,677,1
178,706,1
178,709,1
178,811,1
178,894,1
178,934,1
178,951,1
178,1119,1
178,1195,1
178,1247,1
178,1259,1
178,1301,1
178,1331,1
178,1338,1
178,1340,1
178,1346,1
178,1358,1
178,1368,1
178,1372,1
178,1378,1
178,1447,1
178,1452,1
178,1473,1
178,1497,1
178,1503,1
178,1514,1
178,1545,1
178,1617,1
178,6,0
178,25,0
178,36,0
178,37,0
178,92,0
178,103,0
178,118,0
178,130,0
178,136,0
178,160,0
178,163,0
178,166,0
178,186,0
178,211,0
178,234,0
178,237,0
178,253,0
178,280,0
178,295,0
178,305,0
178,311,0
178,325,0
178,333,0
178,335,0
178,339,0
178,342,0
178,387,0
178,396,0
178,409,0
178,423,0
178,434,0
178,437,0
178,441,0
178,449,0
178,456,0
178,459,0
178,477,0
178,481,0
178,557,0
178,585,0
178,615,0
178,663,0
178,686,0
178,688,0
178,701,0
178,703,0
178,718,0
178,739,0
178,740,0
178,777,0
178,795,0
178,800,0
178,822,0
178,840,0
178,843,0
178,849,0
178,874,0
178,876,0
178,879,0
178,886,0
178,887,0
178,923,0
178,930,0
178,935,0
178,964,0
178,965,0
178,971,0
178,976,0
178,985,0
178,988,0
178,1003,0
178,1042,0
178,1047,0
178,1053,0
178,1054,0
178,1064,0
178,1110,0
178,1143,0
178,1165,0
178,1172,0
178,1180,0
178,1200,0
178,1202,0
178,1213,0
178,1215,0
178,1221,0
178,1234,0
178,1258,0
178,1266,0
178,1289,0
178,1313,0
178,1330,0
178,1352,0
178,1382,0
178,1390,0
178,1405,0
178,1425,0
178,1426,0
178,1430,0
178,1448,0
178,1467,0
178,1479,0
178,1486,0
178,1492,0
178,1519,0
178,1572,0
178,1576,0
178,1608,0
178,1627,0
178,1645,0
178,1656,0
179,57,1
179,1023,1
179,21,0
179,123,0
179,537,0
179,610,0
179,852,0
179,869,0
179,1097,0
179,1101,0
179,1169,0
179,1203,0
179,1254,0
179,1282,0
179,1497,0
180,41,1
180,697,1
180,1335,1
180,1367,1
180,1431,1
180,18,0
180,37,0
180,70,0
180,145,0
180,331,0
180,397,0
180,406,0
180,409,0
180,472,0
180,482,0
180,530,0
180,655,0
180,870,0
180,991,0
180,1043,0
180,1075,0
180,1105,0
180,1130,0
180,1173,0
180,1193,0
180,1220,0
180,1243,0
180,1308,0
180,1309,0
180,1318,0
180,1370,0
180,1407,0
180,1476,0
180,1614,0
180,1636,0
181,215,1
181,456,1
181,488,1
181,666,1
181,764,1
181,880,1
181,922,1
181,1050,1
181,1068,1
181,1630,1
181,48,0
181,98,0
181,162,0
181,169,0
181,205,0
181,211,0
181,254,0
181,291,0
181,331,0
181,344,0
181,444,0
181,517,0
181,598,0
181,627,0
181,639,0
181,682,0
181,708,0
181,727,0
181,747,0
181,769,0
181,781,0
181,801,0
181,838,0
181,857,0
181,879,0
181,910,0
181,941,0
181,951,0
181,968,0
181,1073,0
181,1109,0
181,1188,0
181,1335,0
181,1386,0
181,1412,0
181,1423,0
181,1447,0
181,1554,0
181,1562,0
181,1616,0
181,1640,0
182,109,1
182,275,1
182,626,1
182,818,1
182,1144,1
182,1235,1
182,12,0
182,16,0
182,25,0
182,38,0
182,55,0
182,86,0
182,98,0
182,125,0
182,169,0
182,242,0
182,258,0
182,295,0
182,402,0
182,513,0
182,528,0
182,550,0
182,585,0
182,628,0
182,670,0
182,708,0
182,740,0
182,745,0
182,762,0
182,770,0
182,771,0
182,772,0
182,786,0
182,787,0
182,848,0
182,872,0
182,891,0
182,900,0
182,908,0
182,926,0
182,971,0
182,986,0
182,992,0
182,1018,0
182,1032,0
182,1152,0
182,1188,0
182,1251,0
182,1280,0
182,1287,0
182,1290,0
182,1310,0
182,1318,0
182,1331,0
182,1347,0
182,1376,0
182,1388,0
182,1397,0
182,1470,0
182,1513,0
182,1530,0
182,1581,0
182,1597,0
182,1635,0
183,26,1
183,148,1
183,260,1
183,458,1
183,548,1
183,557,1
183,631,1
183,692,1
183,739,1
183,1185,1
183,1363,1
183,1490,1
183,3,0
183,31,0
183,43,0
183,51,0
183,73,0
183,113,0
183,118,0
183,166,0
183,171,0
183,185,0
183,192,0
183,208,0
183,210,0
183,234,0
183,248,0
183,249,0
183,320,0
183,322,0
183,325,0
183,339,0
183,370,0
183,371,0
183,388,0
183,392,0
183,396,0
183,398,0
183,415,0
183,427,0
183,442,0
183,460,0
183,500,0
183,502,0
183,527,0
183,560,0
183,572,0
183,599,0
183,601,0
183,609,0
183,614,0
183,623,0
183,625,0
183,652,0
183,654,0
183,660,0
183,694,0
183,715,0
183,716,0
183,727,0
183,744,0
183,747,0
183,754,0
183,764,0
183,772,0
183,776,0
183,778,0
183,797,0
183,802,0
183,811,0
183,812,0
183,912,0
183,924,0
183,930,0
183,962,0
183,979,0
183,1007,0
183,1011,0
183,1013,0
183,1014,0
183,1044,0
183,1063,0
183,1112,0
183,1117,0
183,1135,0
183,1136,0
183,1139,0
183,1142,0
183,1176,0
183,1187,0
183,1189,0
183,1217,0
183,1272,0
183,1286,0
183,1303,0
183,1325,0
183,1330,0
183,1411,0
183,1421,0
183,1471,0
183,1478,0
183,1505,0
183,1616,0
183,1617,0
183,1621,0
183,1649,0
183,1658,0
184,50,1
184,149,1
184,301,1
184,302,1
184,439,1
184,568,1
184,834,1
184,1238,1
184,1364,1
184,1392,1
184,1432,1
184,1544,1
184,7,0
184,22,0
184,65,0
184,82,0
184,175,0
184,218,0
184,250,0
184,266,0
184,323,0
184,386,0
184,388,0
184,434,0
184,474,0
184,640,0
184,671,0
184,819,0
184,824,0
184,863,0
184,927,0
184,991,0
184,997,0
184,1002,0
184,1020,0
184,1091,0
184,1096,0
184,1106,0
184,1108,0
184,1181,0
184,1190,0
184,1220,0
184,1250,0
184,1283,0
184,1322,0
184,1348,0
184,1355,0
184,1356,0
184,1366,0
184,1388,0
184,1411,0
184,1563,0
184,1576,0
184,1591,0
184,1651,0
185,107,1
185,478,1
185,878,1
185,901,1
185,906,1
185,1208,1
185,1325,1
185,1614,1
185,56,0
185,63,0
185,83,0
185,117,0
185,140,0
185,141,0
185,152,0
185,154,0
185,175,0
185,178,0
185,187,0
185,193,0
185,202,0
185,215,0
185,235,0
185,242,0
185,310,0
185,330,0
185,351,0
185,354,0
185,357,0
185,408,0
185,444,0
185,446,0
185,452,0
185,463,0
185,488,0
185,499,0
185,503,0
185,514,0
185,517,0
185,523,0
185,540,0
185,573,0
185,587,0
185,599,0
185,639,0
185,662,0
185,716,0
185,837,0
185,852,0
185,864,0
185,865,0
185,868,0
185,869,0
185,874,0
185,907,0
185,917,0
185,938,0
185,1002,0
185,1009,0
185,1010,0
185,1026,0
185,1055,0
185,1057,0
185,1059,0
185,1089,0
185,1097,0
185,1116,0
185,1128,0
185,1136,0
185,1142,0
185,1144,0
185,1222,0
185,1250,0
185,1311,0
185,1324,0
185,1338,0
185,1349,0
185,1354,0
185,1412,0
185,1495,0
185,1542,0
185,1562,0
185,1574,0
185,1595,0
185,1624,0
185,1628,0
185,1645,0
186,1161,1
186,58,0
186,111,0
186,872,0
186,903,0
186,1129,0
186,1275,0
186,1360,0
186,1583,0
186,1633,0
187,428,1
187,27,0
187,348,0
187,353,0
187,357,0
187,405,0
187,457,0
187,462,0
187,474,0
187,498,0
187,681,0
187,805,0
187,1406,0
187,1446,0
187,1541,0
187,1643,0
188,369,1
188,546,1
188,942,1
188,977,1
188,1072,1
188,1306,1
188,0,0
188,69,0
188,105,0
188,156,0
188,160,0
188,211,0
188,213,0
188,238,0
188,277,0
188,343,0
188,374,0
188,410,0
188,412,0
188,429,0
188,445,0
188,529,0
188,536,0
188,604,0
188,619,0
188,715,0
188,760,0
188,778,0
188,781,0
188,816,0
188,820,0
188,845,0
188,870,0
188,872,0
188,888,0
188,894,0
188,902,0
188,920,0
188,923,0
188,934,0
188,992,0
188,1023,0
188,1031,0
188,1074,0
188,1123,0
188,1125,0
188,1141,0
188,1165,0
188,1182,0
188,1356,0
188,1462,0
188,1483,0
188,1502,0
188,1628,0
188,1655,0
189,163,1
189,188,1
189,386,1
189,702,1
189,768,1
189,950,1
189,963,1
189,981,1
189,1062,1
189,1218,1
189,1228,1
189,1477,1
189,1555,1
189,6,0
189,61,0
189,82,0
189,87,0
189,93,0
189,101,0
189,133,0
189,248,0
189,276,0
189,289,0
189,352,0
189,385,0
189,405,0
189,420,0
189,431,0
189,436,0
189,481,0
189,506,0
189,507,0
189,527,0
189,545,0
189,581,0
189,595,0
189,616,0
189,621,0
189,626,0
189,634,0
189,646,0
189,648,0
189,651,0
189,710,0
189,727,0
189,750,0
189,755,0
189,776,0
189,800,0
189,806,0
189,808,0
189,833,0
189,834,0
189,858,0
189,867,0
189,894,0
189,902,0
189,905,0
189,919,0
189,971,0
189,985,0
189,987,0
189,1031,0
189,1041,0
189,1043,0
189,1056,0
189,1065,0
189,1066,0
189,1080,0
189,1081,0
189,1100,0
189,1131,0
189,1147,0
189,1149,0
189,1150,0
189,1157,0
189,1236,0
189,1263,0
189,1264,0
189,1295,0
189,1315,0
189,1331,0
189,1353,0
189,1394,0
189,1403,0
189,1410,0
189,1417,0
189,1419,0
189,1422,0
189,1442,0
189,1464,0
189,1472,0
189,1513,0
189,1534,0
189,1542,0
189,1558,0
189,1559,0
189,1569,0
189,1581,0
189,1582,0
189,1585,0
189,1600,0
189,1602,0
189,1628,0
190,305,1
190,1046,1
190,1245,1
190,54,0
190,61,0
190,71,0
190,77,0
190,97,0
190,196,0
190,230,0
190,239,0
190,302,0
190,391,0
190,471,0
190,669,0
190,673,0
190,674,0
190,686,0
190,725,0
190,757,0
190,765,0
190,826,0
190,833,0
190,973,0
190,989,0
190,1061,0
190,1104,0
190,1137,0
190,1150,0
190,1228,0
190,1350,0
190,1400,0
190,1449,0
190,1491,0
190,1499,0
190,1556,0
190,1559,0
190,1577,0
190,1588,0
190,1624,0
191,1362,1
191,345,0
191,354,0
191,436,0
191,453,0
191,587,0
191,1063,0
191,1072,0
191,1632,0
